City_ID,City,Country,Lat,Lng,Max Temp,Current_Description,Hotel Name
0,Mataura,NZ,-46.1927,168.8643,49.48,few clouds,Ellie's Villa
2,Zhireken,RU,52.8249,117.3076,42.76,few clouds,
3,Albany,US,42.6001,-73.9662,78.91,overcast clouds,
5,Amga,RU,60.8953,131.9608,49.69,few clouds,Algys
7,Arcos,BR,-20.2819,-45.5394,77.97,few clouds,Hotel Real Palace
8,Nikolskoye,RU,59.7035,30.7861,60.69,scattered clouds,Tourist House - Sablino
10,Kopervik,NO,59.2835,5.3067,68.14,clear sky,Parken Terrasse Apartment Hotel
11,Busselton,AU,-33.65,115.3333,60.03,overcast clouds,Observatory Guest House
13,Thompson,CA,55.7435,-97.8558,78.96,broken clouds,Burntwood Hotel
14,Bluff,NZ,-46.6,168.3333,49.8,overcast clouds,Bluff Homestead - Guesthouse & Campervan Park
15,Neuquen,AR,-38.9516,-68.0591,57.09,clear sky,Hotel del Comahue
16,Kloulklubed,PW,7.0419,134.2556,77.5,broken clouds,Storyboard Beach Resort
18,Airai,TL,-8.9266,125.4092,55.47,scattered clouds,Juvinal Martin
20,Rikitea,PF,-23.1203,-134.9692,72.36,overcast clouds,Pension Maro'i
21,Saint-Philippe,RE,-21.3585,55.7679,74.79,light rain,"Chambres d'hôte ""La Trinité"""
22,Mgandu,TZ,-5.95,34.1333,63.39,scattered clouds,
24,Hobart,AU,-42.8794,147.3294,53.26,overcast clouds,Mantra on Collins Hobart
25,Leeton,AU,-34.5667,146.4,51.85,moderate rain,Historic Hydro Motor Inn
26,Kefamenanu,ID,-9.4467,124.4781,69.44,overcast clouds,Sokowindo Losmen
28,Guerrero Negro,MX,27.9769,-114.0611,71.8,clear sky,"Casa Laguna, Bed & Breakfast"
29,Jamestown,US,42.097,-79.2353,71.19,few clouds,Hampton Inn & Suites Jamestown
31,Lagoa,PT,39.05,-27.9833,59.47,scattered clouds,Casa Das Faias
33,Nanortalik,GL,60.1432,-45.2371,40.6,overcast clouds,Hotel Kap Farvel
36,Torres,BR,-29.3353,-49.7269,69.35,broken clouds,Farol Hotel
37,Broken Hill,AU,-31.95,141.4333,49.71,few clouds,Royal Exchange Hotel
38,General Roca,AR,-39.0333,-67.5833,57.6,overcast clouds,Hotel y Casino del Río General Roca
39,Carnarvon,AU,-24.8667,113.6333,55.47,overcast clouds,Hospitality Carnarvon
40,Kaitangata,NZ,-46.2817,169.8464,42.53,few clouds,Kaitangata Motor Camp
41,Hilo,US,19.7297,-155.09,77.79,overcast clouds,Hilo Hawaiian Hotel
42,Kysyl-Syr,RU,63.8986,122.7617,54.21,broken clouds,
43,East London,ZA,-33.0153,27.9116,61.39,light rain,Tu Casa
45,Pisco,PE,-13.7,-76.2167,64.45,mist,Hotel San Isidro Oficial
46,Hamilton,US,39.1834,-84.5333,67.21,mist,Six Acres Bed & Breakfast
49,Mersing,MY,2.4312,103.8405,76.91,broken clouds,Timotel Hotel
50,Bredasdorp,ZA,-34.5322,20.0403,55.27,scattered clouds,Bredasdorp Country Manor
52,Torbay,CA,47.6666,-52.7314,71.89,few clouds,Gallows Cove
53,Tongliao,CN,43.6125,122.2653,53.49,clear sky,Meirujia Hotel
54,Samarai,PG,-10.6167,150.6667,78.26,overcast clouds,Nuli Sapi
55,Avarua,CK,-21.2078,-159.775,78.85,broken clouds,Paradise Inn
56,Buluang,PH,13.3068,123.3425,78.94,overcast clouds,Enon Beach Resort
57,Gawler,AU,-34.6,138.7333,55.63,clear sky,Eagle Foundry Bed & Breakfast
58,Bowen,AU,-20.0167,148.2333,61.02,broken clouds,Castle Motor Lodge Motel
59,New Norfolk,AU,-42.7826,147.0587,52.92,overcast clouds,The Shingles Riverside Cottages
60,Souillac,MU,-20.5167,57.5167,76.35,few clouds,Shanti Maurice Resort & Spa
61,Hermanus,ZA,-34.4187,19.2345,62.91,scattered clouds,Misty Waves Boutique Hotel
62,Shache,CN,38.4167,77.2406,73.36,broken clouds,Delong Hotel
64,Ampanihy,MG,-24.7,44.75,66.09,few clouds,Angora Hotel
65,Teahupoo,PF,-17.8333,-149.2667,76.96,broken clouds,Vanira Lodge
66,Vaini,TO,-21.2,-175.2,69.96,broken clouds,Keleti Beach Resort
67,Cape Town,ZA,-33.9258,18.4232,63.12,clear sky,Southern Sun Waterfront Cape Town
68,Sao Sepe,BR,-30.1606,-53.5653,71.55,overcast clouds,Trevo Parque Hotel
69,Murdochville,CA,48.9583,-65.5006,50.88,scattered clouds,Les Suites économique Murdochville
70,Inhambane,MZ,-23.865,35.3833,69.78,light rain,Oceano
71,Vila,PT,42.0304,-8.1588,55.74,overcast clouds,Hotel Castrum Villae by Walk Hotels
72,Igrim,RU,63.1906,64.4162,40.8,few clouds,Obshchezhitiye Uchebno-Proizvodstvennogo Tsentra
73,Sukabumi,ID,-6.9181,106.9267,74.61,overcast clouds,MaxoneHotels.Com @ Bounty Sukabumi
74,Port Hedland,AU,-20.3167,118.5667,69.85,overcast clouds,The Esplanade Hotel
78,Maldonado,UY,-34.6667,-54.9167,56.59,clear sky,La Cimarrona
79,Omsukchan,RU,62.5333,155.8,42.15,few clouds,Zori
81,Geraldton,AU,-28.7667,114.6,52.21,clear sky,Broadwater Mariner Resort
82,Ust-Tarka,RU,55.5672,75.705,51.31,clear sky,Pearl of Siberia
83,Enshi,CN,30.3,109.4833,69.82,light rain,Moevenpick Enshi
84,Sola,VU,-13.8833,167.55,79.39,overcast clouds,Leumerus Bungalows
86,Namibe,AO,-15.1961,12.1522,72.05,overcast clouds,Hotel Chik Chik Namibe
87,Port Alfred,ZA,-33.5906,26.891,61.36,overcast clouds,The Halyards Hotel
88,Husavik,IS,66.0449,-17.3389,55.31,scattered clouds,Bjarnabúð
90,Kodiak,US,57.79,-152.4072,47.71,light rain,Best Western Kodiak Inn And Convention Center
91,Mahebourg,MU,-20.4081,57.7,76.24,few clouds,Shandrani Beachcomber Resort & Spa
92,Kruisfontein,ZA,-34.0033,24.7314,53.89,heavy intensity rain,Oyster Bay House Rental
93,Coihaique,CL,-45.5752,-72.0662,43.41,overcast clouds,Diego De Almagro Coyhaique
96,Port-Cartier,CA,50.0334,-66.8654,71.82,few clouds,Le Q'Artier
97,Opuwo,,-18.0607,13.84,64.22,scattered clouds,ABBA Guesthouse
98,Ponta Do Sol,PT,32.6667,-17.1,66.13,overcast clouds,Hotel do Campo
101,Mehamn,NO,71.0357,27.8492,64.58,clear sky,Mehamn Arctic Hotel AS
102,Yellowknife,CA,62.456,-114.3525,59.52,scattered clouds,The Explorer Hotel
105,Comodoro Rivadavia,AR,-45.8667,-67.5,49.86,clear sky,Austral Hotel
107,Berdigestyakh,RU,62.0989,126.6992,50.27,overcast clouds,
109,Kuvshinovo,RU,57.0295,34.1725,49.24,clear sky,Каменка
111,Kota Bahru,MY,6.1333,102.2386,78.75,few clouds,Grand Riverview Hotel
113,Troy,US,42.6056,-83.1499,70.18,light rain,Embassy Suites by Hilton Detroit Troy Auburn Hills
114,Sitka,US,57.0531,-135.33,49.89,overcast clouds,Westmark Sitka
115,Ungra,RO,45.9833,25.2667,53.01,overcast clouds,Motel Rupea
116,Udachnyy,RU,66.4167,112.4,58.26,broken clouds,Severnoye Siyaniye
118,Chuy,UY,-33.6971,-53.4616,62.6,broken clouds,Nuevo Hotel Plaza
120,Liku,ID,-0.7275,119.8922,74.98,scattered clouds,Kost Raisa & homestay
121,Pavlodar,KZ,52.3,76.95,66.0,scattered clouds,Sary Arka
122,Ancud,CL,-41.8697,-73.8203,48.42,moderate rain,Hotel Arena Gruesa
124,Khuzhir,RU,53.1939,107.3397,43.79,overcast clouds,Отель на озере Байкал Baikal View
125,Leshukonskoye,RU,64.8989,45.7622,42.57,overcast clouds,Pryalitsa Hostel
126,Dingle,PH,10.9995,122.6711,76.89,light rain,SEGAYA PROPERTY
130,Luganville,VU,-15.5333,167.1667,75.13,broken clouds,The Espiritu Hotel
131,Mayumba,GA,-3.432,10.6554,76.3,few clouds,LIKWALE LODGE
132,Bethel,US,41.3712,-73.414,78.82,scattered clouds,Courtyard by Marriott Danbury
133,Ust-Nera,RU,64.5667,143.2,45.64,clear sky,Hotel Ust-Nera
135,Pandamatenga,BW,-18.5278,25.627,57.65,clear sky,Wildtrack Safaris Eco Lodge
136,Miri,MY,4.4148,114.0089,78.94,few clouds,"Mega Hotel, Miri"
137,Narsaq,GL,60.9167,-46.05,50.22,overcast clouds,Narsaq Kayak Hostel
138,Finschhafen,PG,-6.6024,147.8681,77.22,scattered clouds,Cossam Guest House
141,Kikwit,CD,-5.041,18.8162,75.43,scattered clouds,HOTEL PLACE YALABA
145,Castro,BR,-24.7911,-50.0119,67.55,few clouds,CHACARA BAILLY
146,Karasjok,NO,69.4719,25.5112,69.91,broken clouds,Karasjok camping AS
147,Norman Wells,CA,65.282,-126.8329,48.24,broken clouds,Heritage Hotel
151,Katherine,AU,-14.4667,132.2667,71.92,overcast clouds,Pine Tree Motel
152,Arraial Do Cabo,BR,-22.9661,-42.0278,78.76,clear sky,Pousada Porto Praia
154,Cidreira,BR,-30.1811,-50.2056,67.96,overcast clouds,Hotel Castelo
158,Sao Filipe,CV,14.8961,-24.4956,74.5,few clouds,Hotel Xaguate
159,Luderitz,,-26.6481,15.1594,67.71,clear sky,LÜDERITZ NEST HOTEL
160,Mar Del Plata,AR,-38.0023,-57.5575,55.09,clear sky,Gran Hotel Mar del Plata
161,Coquimbo,CL,-29.9533,-71.3436,56.93,fog,Punto de encuentro
162,Bogorodskoye,RU,56.55,37.8833,49.46,few clouds,Sosnoviy Bor
163,Ilulissat,GL,69.2167,-51.1,42.82,clear sky,Hotel Arctic
164,Ginir,ET,7.1333,40.7,56.62,clear sky,Sura Dare Village
165,Chokurdakh,RU,70.6333,147.9167,63.73,few clouds,
166,Alofi,NU,-19.0595,-169.9187,73.29,light rain,Taloa Heights
168,Lata,PT,40.1629,-8.3327,64.04,overcast clouds,Casa Maquia
169,Hervey Bay,AU,-25.2986,152.8535,67.03,scattered clouds,Shelly Bay Resort
170,Nizhniy Bestyakh,RU,61.9594,129.9086,51.28,clear sky,Torgovo Gostinichnyy Kompleks Alaas
171,Imbituba,BR,-28.24,-48.6703,75.09,moderate rain,Praia Hotel Imbituba
173,Xai-Xai,MZ,-25.0519,33.6442,64.22,moderate rain,Complexo da Familia
175,Port Lincoln,AU,-34.7333,135.8667,59.54,broken clouds,Port Lincoln Hotel
177,Caravelas,BR,-17.7125,-39.2481,77.76,overcast clouds,Pousada dos Navegantes
178,Asfi,MA,32.2994,-9.2372,66.29,clear sky,Hôtel Abda
180,Moyale,KE,3.5167,39.0584,71.92,overcast clouds,La Tahzan Guest House
181,Saint-Augustin,CA,51.226000000000006,-58.6502,59.63,broken clouds,
182,Marzuq,YE,14.4,46.4667,79.66,overcast clouds,
184,Cherskiy,RU,68.75,161.3,53.08,scattered clouds,Gostinitsa
185,Vigeland,NO,58.0844,7.305,60.94,scattered clouds,Audnastrand Leirsted (Imf- sør/Indremisjonsforbundet sør kretskontor)
186,Tommot,RU,58.9564,126.2925,46.13,overcast clouds,Gostinitsa Tommot
187,Nizhniy Kuranakh,RU,58.8353,125.4869,46.15,overcast clouds,Park Pobedy
188,Tarnos,FR,43.5417,-1.4628,77.14,clear sky,"The Originals City, Hôtel Le Lodge, Bayonne Nord (Inter-Hotel)"
189,Bengkulu,ID,-3.8004,102.2655,77.11,overcast clouds,Grage Hotel Bengkulu
191,Marang,MY,5.2056,103.2059,78.71,broken clouds,DBarakah Homestay
193,Byron Bay,AU,-28.65,153.6167,60.87,overcast clouds,Backpackers Inn on the Beach
194,Sorland,NO,67.667,12.6934,66.27,few clouds,Sjybrygga fiskecamp
195,Port Macquarie,AU,-31.4333,152.9167,51.39,overcast clouds,Rydges Port Macquarie
196,Te Anau,NZ,-45.4167,167.7167,42.82,scattered clouds,Kingsgate Hotel Te Anau
197,Manokwari,ID,-0.8667,134.0833,78.55,overcast clouds,Swiss Belhotel Manokwari
198,Kikinda,RS,45.8297,20.4653,52.27,scattered clouds,Bed & Breakfast Twenty
199,Severo-Kurilsk,RU,50.6789,156.125,40.51,scattered clouds,Kak Doma
200,Lakes Entrance,AU,-37.8811,147.981,52.18,light rain,The Esplanade Resort & Spa
201,Beira,MZ,-19.8436,34.8389,66.29,heavy intensity rain,Beira Terrace Hotel
202,Saldanha,ZA,-33.0117,17.9442,60.85,broken clouds,Blue Bay Lodge
205,Alexandria,EG,31.2156,29.9553,71.37,clear sky,Royal Crown Hotel
206,Koslan,RU,63.4564,48.8989,46.4,overcast clouds,
207,Matara,LK,5.9485,80.5353,79.57,overcast clouds,Amaloh Boutique Resort
208,Bolshaya Martynovka,RU,47.271,41.6679,59.25,scattered clouds,Gostinitsa
209,Ponta Delgada,PT,37.7333,-25.6667,63.32,few clouds,Vila Nova Hotel
213,Orativ,UA,49.1889,29.526999999999997,51.62,overcast clouds,
216,Xichang,CN,27.8964,102.2634,67.41,broken clouds,Xichang ibis Hotel
217,Lebu,CL,-37.6167,-73.65,56.23,overcast clouds,Hostal Las Lilas
218,Lucapa,AO,-8.4192,20.7447,71.13,overcast clouds,Residência Ulisses Dos Santos
219,Sovetskaya Gavan,RU,48.9723,140.2878,47.03,overcast clouds,"Хостел ""Пилигрим"""
222,Port Hawkesbury,CA,45.6169,-61.3485,74.88,clear sky,MacKenzie House Tourist Home B&B
223,Alyangula,AU,-13.8483,136.4192,64.27,scattered clouds,Groote Eylandt Lodge
225,Grindavik,IS,63.8424,-22.4338,48.56,broken clouds,Northern Light Inn & Max's Restaurant
227,Sai Buri,TH,6.7013,101.6168,78.93,broken clouds,ร้าน​ เวดดิ้ง
228,Namatanai,PG,-3.6667,152.4333,78.19,broken clouds,Seagulls Inn Namatani
229,Loa Janan,ID,-0.583,117.095,72.57,few clouds,Pondok hijau 2A
230,Constantine,DZ,36.365,6.6147,74.61,few clouds,Grand Hotel Cirta
232,Komsomolskiy,UZ,40.4272,71.7189,79.52,scattered clouds,Ikathouse
233,Kyra,RU,49.5776,111.9753,40.44,overcast clouds,
237,Katsuura,JP,35.1333,140.3,69.12,clear sky,Katsuura Hotel Mikazuki
238,Guilin,CN,25.2819,110.2864,75.31,overcast clouds,Grand 0773 Hotel
239,Zhigansk,RU,66.7697,123.3711,56.84,light rain,Gostinichnyy Kompleks Aylgy
243,Haimen,CN,23.1935,116.6142,78.69,overcast clouds,Jinghao Business Hotel
244,Alice Springs,AU,-23.7,133.8833,49.55,scattered clouds,Desert Palms Alice Springs
247,Liepaja,LV,56.5419,21.0367,62.58,haze,Promenade Hotel
249,Buta,CD,2.7858,24.73,74.01,overcast clouds,HOTEL BISO NA BISO
250,Chapais,CA,49.7834,-74.8492,67.78,overcast clouds,Hôtel Opémiska
252,Kilindoni,TZ,-7.9139,39.6668,78.64,light rain,Bustani B&B
253,Mantua,IT,45.1667,10.7833,74.44,few clouds,Hotel la Favorita
254,Okoneshnikovo,RU,54.8377,75.0834,53.1,clear sky,
255,Hasaki,JP,35.7333,140.8333,63.28,clear sky,Hotel Sunrise Choshi
256,Vestmannaeyjar,IS,63.4427,-20.2734,49.19,clear sky,Glamping & Camping
258,Villaviciosa,ES,43.4813,-5.4357,64.0,overcast clouds,Hotel Carlos I
260,Locri,IT,38.2414,16.2623,70.38,overcast clouds,Grand Hotel President
262,Vanimo,PG,-2.6741,141.3028,76.44,overcast clouds,Vahmoneh Lodge Vanimo
263,Patacamaya,BO,-17.2333,-67.9167,56.14,overcast clouds,RESIDENCIAL ISLA VIGU
264,Quatre Cocos,MU,-20.2078,57.7625,76.08,overcast clouds,Emeraude Beach Attitude Hotel
265,Dongli,CN,23.5656,116.8194,78.78,mist,Chenghai Shizhang Donghuaqiao Hostel
266,Matagami,CA,49.7502,-77.6328,77.11,scattered clouds,Hôtel Matagami
267,Gat,IL,31.61,34.7642,72.81,clear sky,OlusHome
269,Deputatskiy,RU,69.3,139.9,54.07,broken clouds,Baza Otdykha
272,Zhengjiatun,CN,43.5064,123.5064,52.48,clear sky,Siping Hexiang Hotel
278,Isangel,VU,-19.55,169.2667,68.65,few clouds,Tanna Lodge
279,Kiama,AU,-34.6833,150.8667,54.57,light rain,The Sebel Kiama Harbourside
281,Berlevag,NO,70.8578,29.0864,60.75,clear sky,Kvitbrakka
282,Asau,RO,46.4333,26.4,53.76,overcast clouds,Casa Mika Ciobanus
284,San Juan,AR,-31.5375,-68.5364,79.74,clear sky,Hotel Provincial
285,Port Elizabeth,ZA,-33.918,25.5701,59.29,moderate rain,39 On Nile Guest House
286,Kjollefjord,NO,70.9457,27.3465,64.45,clear sky,Hotel Nordkyn
287,Arandis,,-22.4167,14.9667,72.88,clear sky,Arandis Rent House
289,Maridi,SS,4.9158,29.4742,68.54,moderate rain,
291,Santiago De Chuco,PE,-8.15,-78.1833,61.43,overcast clouds,Hotel Mis Sueños
293,Bambous Virieux,MU,-20.3428,57.7575,76.21,few clouds,Casa Tia Villa
295,Abha,SA,18.2164,42.5053,77.25,clear sky,Abha Hotel
296,Saint-Pierre,RE,-21.3393,55.4781,74.88,clear sky,Lindsey Hôtel
297,Joshimath,IN,30.5667,79.5667,60.22,clear sky,Shivalik Camps & Resort
298,Machacamarca,BO,-18.1667,-67.0333,57.61,scattered clouds,Fmilia. Flores DanNorm
299,Garden City,US,42.3256,-83.331,68.61,mist,Quality Inn & Suites Banquet Center
301,Walvis Bay,,-22.9575,14.5053,72.55,clear sky,Oyster Box Guesthouse
302,Marawi,PH,7.9986,124.2928,67.64,overcast clouds,Derogongan Residence
305,Ribeira Grande,PT,38.5167,-28.7,64.8,few clouds,Quinta da Meia Eira
307,Tura,IN,25.5198,90.2201,73.89,overcast clouds,Hotel RIKMAN Continental
309,Robertson,US,36.5167,-86.8667,74.79,overcast clouds,Hampton Inn Springfield
310,Mwense,ZM,-10.3845,28.698,68.16,overcast clouds,Mwense Council Guest House
313,Vila Franca Do Campo,PT,37.7167,-25.4333,63.01,overcast clouds,Pestana Bahia Praia
314,Tuatapere,NZ,-46.1333,167.6833,49.82,scattered clouds,Ron and Tony's Bed & Breakfast
318,Newport,GB,51.5877,-2.9984,70.68,overcast clouds,ibis budget Newport
320,Tatarsk,RU,55.218999999999994,75.9828,52.03,clear sky,Gostinitsa Neptun Tatarsk
323,Vardo,NO,70.3705,31.1107,61.0,clear sky,Vardø Hotel AS
325,Tiksi,RU,71.6872,128.8694,47.55,overcast clouds,Arktika
326,Wewak,PG,-3.5534,143.6268,77.38,overcast clouds,In Wewak Boutique Hotel
330,Telma,RU,52.6983,103.7097,47.41,clear sky,"Hotel ""Herringbone"""
332,Vyazniki,RU,56.25,42.1667,49.62,clear sky,Motel' Vstrecha
333,Arrah,IN,25.5667,84.6667,76.89,scattered clouds,SPOT ON 48440 Ara Exotica SPOT
336,Esperance,AU,-33.8667,121.9,55.24,broken clouds,Hospitality Esperance
337,Chifeng,CN,42.2683,118.9636,52.88,clear sky,Junyu Tiancheng Hotel
338,Klyuchi,RU,52.2667,79.1667,67.98,clear sky,Vesolaya Mayovka
339,Wellington,NZ,-41.2866,174.7756,48.56,broken clouds,CityLife Wellington
340,Orissaare,EE,58.5592,23.0826,62.55,overcast clouds,Vanatoa Tourism Farm
341,Stykkisholmur,IS,65.0757,-22.7297,46.17,scattered clouds,Fosshótel Stykkishólmur
342,Soyo,AO,-6.1349,12.3689,76.66,clear sky,Hotel Mpampa
344,Nome,US,64.5011,-165.4064,44.17,overcast clouds,Dredge 7 Inn
346,Kargat,RU,55.1956,80.2811,53.13,few clouds,Kargat
347,Port Augusta,AU,-32.5,137.7667,51.94,clear sky,Majestic Oasis Apartments
348,Rio Grande,BR,-32.035,-52.0986,69.91,clear sky,Hotel Atlântico Rio Grande
350,Klaksvik,FO,62.2266,-6.5889999999999995,50.92,overcast clouds,Airbnb rooms
351,Broome,US,42.2506,-75.833,69.1,light rain,Chenango Valley State Park
352,Biskamzha,RU,53.4497,89.5272,55.6,light rain,
354,Nizhniy Baskunchak,RU,48.2198,46.8311,65.73,heavy intensity rain,Arman hotel
355,At-Bashi,KG,41.1702,75.8106,57.22,overcast clouds,Hostel At-Bashy
357,Yulara,AU,-25.2406,130.9889,48.04,overcast clouds,Desert Gardens Hotel - Ayers Rock Resort
358,Kodinsk,RU,58.6881,99.1844,56.32,clear sky,
362,Yeppoon,AU,-23.1333,150.7333,62.38,clear sky,Villa Mar Colina
363,Hovd,MN,48.0056,91.6419,62.44,broken clouds,Hotel Khovd
364,Bobcaygeon,CA,44.5462,-78.542,74.48,scattered clouds,The Bobcaygeon Inn
366,Huilong,CN,31.8111,121.655,73.04,overcast clouds,Hilton Garden Inn Qidong
367,Henties Bay,,-22.116,14.2845,65.43,clear sky,Fishermans Guest House
368,Xining,CN,36.6167,101.7667,52.16,overcast clouds,Super Leisure Hotel
370,Maningrida,AU,-12.0667,134.2667,69.98,scattered clouds,Dhukurrdji Lodge
371,Huzhou,CN,30.8703,120.0933,75.97,overcast clouds,Huzhou Plaza Hotel
372,Trenggalek,ID,-8.05,111.7167,74.17,scattered clouds,OYO 2966 Hotel Atriaz
373,Saint-Leu,RE,-21.15,55.2833,74.26,overcast clouds,La Caz Oceane
374,Arroyo,ES,41.6096,-4.7969,74.19,clear sky,Hotel El Jardín de la Abadía
375,Faya,SA,18.3851,42.4509,77.52,broken clouds,مقبرة ال مجمل
376,Strezhevoy,RU,60.7333,77.5889,42.78,clear sky,Sibiryachka
377,Genhe,CN,50.7833,121.5167,43.84,light rain,Companionship Hotel
379,Stanghelle,NO,60.5528,5.7357,69.84,overcast clouds,Salmon Paradise
380,Codrington,AU,-38.2667,141.9667,49.1,scattered clouds,Codrington Gardens Bed And Breakfast
382,Maragogi,BR,-9.0122,-35.2225,79.25,clear sky,Salinas do Maragogi All Inclusive Resort
383,Northam,GB,51.0333,-4.2167,66.15,overcast clouds,Durrant House Hotel
384,Oranjemund,,-28.55,16.4333,59.11,clear sky,The Fisherman's Cove
386,Kokopo,PG,-4.352,152.2633,76.17,broken clouds,Kokopo Beach Bungalow Resort
387,Toora-Khem,RU,52.4675,96.11,48.58,overcast clouds,
389,Imatra,FI,61.1719,28.7524,59.38,scattered clouds,Imatran Kylpylä
390,Tianpeng,CN,30.9866,103.9393,66.63,light rain,Shuangliu Love Home Business Hotel
391,Tiznit,MA,29.5833,-9.5,67.93,overcast clouds,
392,Evensk,RU,61.95,159.2333,43.93,clear sky,
393,Saryg-Sep,RU,51.5,95.6,49.75,scattered clouds,
394,Sorong,ID,-0.8833,131.25,78.35,broken clouds,waigo splash hotel
396,Boende,CD,-0.2167,20.8667,72.3,overcast clouds,
397,Ust-Kulom,RU,61.6864,53.6902,48.27,overcast clouds,
398,Taltal,CL,-25.4,-70.4833,66.36,few clouds,Residencial Karime
401,Payo,ID,-3.7508,103.6372,72.57,few clouds,Mess keban agung
404,Corinth,GR,37.9407,22.9573,69.76,scattered clouds,Ephira Hotel
405,Roma,US,43.2128,-75.4557,75.06,broken clouds,Wingate By Wyndham Rome
406,Derzhavinsk,KZ,51.1,66.3167,69.13,light rain,Ooo.khim Baza
407,Aubagne,FR,43.2928,5.5707,70.41,scattered clouds,The Originals Le Relais D'Aubagne
408,Praya,CV,14.9215,-23.5087,75.74,few clouds,LT Aparthotel
412,Xinzhou,CN,38.4092,112.7333,59.88,overcast clouds,Shell Hotel - Xinzhou
413,Meulaboh,ID,4.1363,96.1285,78.31,overcast clouds,Kost Pria
414,Malanje,AO,-9.5402,16.340999999999998,65.43,overcast clouds,Malanje Hotel
416,Ozark,US,37.0209,-93.206,66.74,overcast clouds,Americas Best Value Inn Ozark Springfield
420,Nemuro,JP,43.3236,145.575,48.27,overcast clouds,Hotel Nemuro Kaiyoutei
421,Shimoda,JP,34.6667,138.95,66.16,clear sky,Shimoda Tokyu Hotel
422,Poum,NC,-20.2333,164.0167,72.18,broken clouds,Gîte kajeon
424,Pandan,PH,14.0453,124.1694,79.52,overcast clouds,Bonifacio Lodge
425,Emet,TR,39.343,29.2585,47.12,clear sky,Emet Thermal Resort Spa
429,Ketchikan,US,55.3422,-131.6461,54.07,overcast clouds,Snows Cove Lodge
432,Mount Isa,AU,-20.7333,139.5,62.37,broken clouds,ibis Styles Mt Isa Verona
433,Kununurra,AU,-15.7667,128.7333,69.78,overcast clouds,Hotel Kununurra
434,Qaqortoq,GL,60.7167,-46.0333,50.5,overcast clouds,Hotel Qaqortoq
440,Padang,ID,-0.9492,100.3543,78.19,light rain,Mercure Padang
441,Gornopravdinsk,RU,60.05,69.9,40.21,clear sky,Burovik
442,Ballina,AU,-28.8667,153.5667,55.78,overcast clouds,Ramada Hotel & Suites by Wyndham Ballina Byron
443,Noumea,NC,-22.2763,166.4572,66.99,scattered clouds,Hôtel Le Lagon
444,North Platte,US,41.1239,-100.7654,78.03,broken clouds,"Holiday Inn Express & Suites North Platte, an IHG Hotel"
446,Vostok,RU,46.4856,135.8833,48.2,moderate rain,
447,Vao,NC,-22.6667,167.4833,69.44,broken clouds,Hotel Kou-Bugny
448,Darhan,MN,49.4867,105.9228,47.1,scattered clouds,Buudai Hotel
455,College,US,64.8569,-147.8028,62.1,light rain,Pike's Waterfront Lodge
457,Bambanglipuro,ID,-7.95,110.2833,60.6,few clouds,Puri Brata
458,Merauke,ID,-8.4667,140.3333,76.17,overcast clouds,
459,Katangli,RU,51.7102,143.2326,43.45,few clouds,
462,Nhulunbuy,AU,-12.2333,136.7667,70.41,few clouds,East Arnhem Real Estate
464,Folldal,NO,62.1325,9.9968,61.72,scattered clouds,Løkken Fjellgård
465,Waipawa,NZ,-41.4122,175.5153,45.93,clear sky,Tora Coastal Walk
466,Ivanovka,KG,42.8878,75.085,72.03,clear sky,
468,Yantal,RU,56.8471,105.2542,55.74,scattered clouds,
470,Jumla,NP,29.2747,82.1838,54.68,scattered clouds,"अन्नी घर, जुम्ला - Anni Ghar"
472,Crotone,IT,39.0851,17.1178,59.94,overcast clouds,Helios Hotel
473,Mwinilunga,ZM,-11.7358,24.4293,60.42,broken clouds,Kwakuwahi Lodge
475,Da Lat,VN,11.9465,108.4419,60.96,overcast clouds,Khách Sạn Dragon King I
477,Fuxin,CN,42.0156,121.6589,55.85,clear sky,Xinya International Hotel
479,Montepuez,MZ,-13.1256,38.9997,70.32,overcast clouds,PembaAparthotel
480,Belyy Yar,RU,53.6039,91.3903,55.29,clear sky,Pasportnyy Stol
483,Copiapo,CL,-27.3667,-70.3333,58.69,clear sky,San Francisco de La Selva
484,Sechura,PE,-5.5569,-80.8222,76.84,broken clouds,Hospedaje Costa Bella
485,Marsh Harbour,BS,26.5412,-77.0636,78.12,overcast clouds,Abaco Beach Resort
489,Solana,PH,17.7,121.6667,79.27,overcast clouds,
490,Lewistown,US,40.5992,-77.5714,75.97,broken clouds,Quality Inn & Suites
491,Partizansk,RU,43.1258,133.1339,52.07,light rain,"Отель ""Ажур"""
493,Geelong,AU,-38.1471,144.3607,54.46,overcast clouds,Admiralty Inn
497,Saint-Francois,FR,46.4154,3.9054,67.48,broken clouds,Manoir Du Bonheur
498,Mitsamiouli,KM,-11.3847,43.2844,78.21,overcast clouds,Foyer ADM
499,Koulamoutou,GA,-1.1303,12.4736,72.59,moderate rain,Motel Bouenguidi
501,Hambantota,LK,6.1241,81.1185,79.9,overcast clouds,Bungalow 63
502,Ambilobe,MG,-13.2,49.05,74.23,overcast clouds,Hôtel & Restaurant DIANA Ambilobe
504,Zerbst,DE,51.9667,12.0833,66.88,few clouds,Sporthotel Wallwitz
507,Santo Domingo,DO,18.5001,-69.9886,78.48,broken clouds,Cabañas City Heart
508,Dunedin,NZ,-45.8742,170.5036,48.79,clear sky,Scenic Hotel Southern Cross
509,Port Hardy,CA,50.6996,-127.4199,59.18,broken clouds,Airport Inn
510,Mondlo,ZA,-27.983,30.7177,47.8,overcast clouds,KwaXaba
511,Jiaohe,CN,43.7286,127.3447,54.0,moderate rain,Home Inn Fashion Hotel
512,Yenagoa,NG,4.9247,6.2642,77.61,overcast clouds,Aridolf Resort Wellness and Spa
513,Kurilsk,RU,45.2333,147.8833,43.43,scattered clouds,City of Kurilsk
514,Neiafu,TO,-18.65,-173.9833,74.08,light rain,Mystic Sands Beachfront Accommodation
515,Rawson,AR,-43.3002,-65.1023,49.96,overcast clouds,Hosteria Sampedro
516,Tonneins,FR,44.3921,0.3124,73.62,scattered clouds,Hôtel Des Fleurs SARL FLOWERS
517,Prince Rupert,CA,54.3161,-130.3201,59.09,moderate rain,Crest Hotel
519,Tunceli,TR,39.1083,39.5471,63.46,scattered clouds,Grand Hotel Şaroğlu
522,Sayyan,YE,15.1718,44.3244,67.6,overcast clouds,متنزه و بحيرة سيان
523,Kastamonu,TR,41.5,33.6667,45.91,overcast clouds,
524,Senno,RU,59.5336,33.9167,51.26,clear sky,
525,Los Llanos De Aridane,ES,28.6585,-17.9182,65.95,few clouds,Valle Aridane
526,Sedalia,US,38.7045,-93.2283,73.09,overcast clouds,Best Western State Fair Inn
528,Mildura,AU,-34.2,142.15,53.56,overcast clouds,Mercure Hotel Mildura
530,Quesnel,CA,52.9999,-122.5029,75.7,clear sky,Ramada by Wyndham Quesnel
531,Gambela,ET,8.25,34.5833,71.24,moderate rain,Solomon Debebe Hotel
532,Kuminskiy,RU,58.6667,66.5667,44.26,scattered clouds,
535,Changping,CN,40.2186,116.2197,66.51,overcast clouds,Huachang Hotel
537,Kyshtovka,RU,56.555,76.6271,51.17,overcast clouds,Uyutnaya Mini-Hotel
538,Can,TR,40.0333,27.0524,59.29,few clouds,Can Ogretmenevi
539,Turka,UA,49.1541,23.0297,51.26,overcast clouds,Мотель
540,Lakatoro,VU,-16.0999,167.4164,73.31,broken clouds,Lakatoro Palm Lodge
541,Dongtai,CN,32.8523,120.3095,66.97,overcast clouds,Super 8 Dongtai South Hailing Road
542,Moerai,PF,-22.4333,-151.3333,77.41,overcast clouds,Le Manotel
543,Freeport,US,40.6576,-73.5832,77.58,clear sky,The Freeport Inn and Marina
544,Salice Salentino,IT,40.387,17.9607,69.46,few clouds,Bed and Breakfast Babel
545,Teguise,ES,29.0605,-13.564,68.22,few clouds,B&B La Casona de Nazaret
546,Srednekolymsk,RU,67.45,153.6833,61.43,scattered clouds,
547,Constitucion,CL,-35.3333,-72.4167,63.21,few clouds,Hotel Boutique Las Azucenas
549,Mursalimkino,RU,55.0379,58.5585,55.92,moderate rain,
550,Solnechnyy,RU,50.7214,136.6319,47.28,broken clouds,Hotel complex Pastoral
551,Bata,GQ,1.8639,9.7658,76.86,scattered clouds,Hotel Elik Melen
552,Salamanca,ES,40.8333,-6.0,67.78,clear sky,Palacio Carrascalino
553,Juneau,US,58.3019,-134.4197,53.65,moderate rain,"Baranof Downtown, Bw Signature Collection"
554,Margate,GB,51.3813,1.3862,72.18,few clouds,Premier Inn Margate hotel
556,Greystones,IE,53.1408,-6.0631,65.26,overcast clouds,Glenview Hotel and Leisure Club
558,Xian,CN,34.2583,108.9286,65.21,overcast clouds,Grand New World Hotel
559,Muhos,FI,64.808,25.9931,59.9,overcast clouds,Montta - active camping / campsite Montan
561,Nikel,RU,69.4128,30.221999999999998,64.58,clear sky,Severnoe Siyanie
562,Shiyan,CN,32.6475,110.7781,67.33,light rain,Fenghuang Garden Holiday Hotel
563,Hamina,FI,60.5697,27.1979,63.68,scattered clouds,SpaHotel Hamina
564,Tukrah,LY,32.5341,20.5791,72.05,broken clouds,Lokta restaurant
565,Xifeng,CN,42.7372,124.7222,52.57,overcast clouds,Home Inn Hotel
566,Roros,NO,62.5747,11.3842,69.64,clear sky,Erzscheidergården
568,Sao Jose Da Coroa Grande,BR,-8.8978,-35.1478,79.83,clear sky,Crôa Mares Hotel
569,Nuuk,GL,64.1835,-51.7216,41.61,broken clouds,Vandrehuset
570,Putina,PE,-15.4667,-69.4333,47.88,few clouds,Hotel Isla Suasi
571,Harihar,IN,14.5167,75.8,78.6,overcast clouds,Vinay cs
575,Kemin,KG,42.7846,75.6892,64.18,clear sky,Hotel Kok-Oirok
576,Camacha,PT,33.0833,-16.3333,62.02,scattered clouds,Hotel Porto Santo & Spa
577,Shingu,JP,33.7333,135.9833,62.91,scattered clouds,Shingu UI Hotel
579,Naze,JP,28.3667,129.4833,73.26,overcast clouds,奄美ポートタワーホテル
580,Volosovo,RU,59.4333,29.4833,59.56,light rain,Nairi
582,Novaya Ladoga,RU,60.1025,32.3019,54.0,broken clouds,База Отдыха Горизонт
584,Store Heddinge,DK,55.3097,12.3889,62.67,clear sky,Vangeled Gaard B&B
585,Marystown,CA,47.1666,-55.1483,55.76,few clouds,Marystown Hotel & Convention Centre
586,Linhares,BR,-19.3911,-40.0722,79.21,broken clouds,Hotel Conceição
588,Leh,IN,34.1667,77.5833,50.13,overcast clouds,Hotel Ladakh Greens
589,Tsilna,RU,54.5953,48.1414,56.75,overcast clouds,
591,Cairns,AU,-16.9167,145.7667,66.15,scattered clouds,Mantra Trilogy Cairns
592,Bayburt,TR,40.2589,40.2278,47.16,moderate rain,Bayburt Otel Konaklama
593,Mount Gambier,AU,-37.8333,140.7667,44.51,overcast clouds,Commodore on the Park
597,Rabaul,PG,-4.1967,152.1721,78.53,broken clouds,Rabaul Hotel
598,Huarmey,PE,-10.0681,-78.1522,70.7,overcast clouds,Hotel Miramar
599,Dzhebariki-Khaya,RU,62.2167,135.8,48.7,light rain,
600,Joigny,FR,47.9829,3.4010000000000002,69.31,light rain,La Côte Saint Jacques & Spa
601,Rocha,UY,-34.4833,-54.3333,56.32,few clouds,Beleza Pura B&B
602,Teya,RU,60.3778,92.6267,54.7,overcast clouds,
603,Cap Malheureux,MU,-19.9842,57.6142,76.46,broken clouds,Pereybere Hotel & Spa
604,Kroya,ID,-7.6331,109.2461,76.19,few clouds,RUSTANTO Fam
605,Kasongo,CD,-4.45,26.6667,72.61,overcast clouds,Guest Hôtel
606,Alugan,PH,12.2188,125.4808,77.56,overcast clouds,JM Lodge
607,Mindelo,CV,16.8901,-24.9804,76.55,scattered clouds,Hotel Gaudi
610,Akdagmadeni,TR,39.6603,35.8836,46.13,clear sky,Hanedan Otel
611,Nyurba,RU,63.2842,118.3319,56.01,broken clouds,Gostinitsa Alrosa
612,Klooga,EE,59.3197,24.2114,59.29,broken clouds,Jaani Country house
613,Vilyuysk,RU,63.7553,121.6247,55.09,overcast clouds,Gostinitsa Viliuisk
615,Owando,CG,-0.4819,15.8999,74.26,light rain,Exaunel Hotel Owando
618,Tabou,CI,4.423,-7.3528,79.95,scattered clouds,hotêl doufoulougou
623,Mawlaik,MM,23.6333,94.4167,78.37,broken clouds,AKZ Guest House
626,Arzakan,AM,40.45,44.6065,62.38,clear sky,"Park Resort Aghveran, Парк Резорт Агверан"
627,Lorengau,PG,-2.0226,147.2712,77.4,overcast clouds,Lorengau Harbourside Hotel
628,Bani Walid,LY,31.7566,13.9942,75.9,overcast clouds,منزل الصابر أبوفانة
629,Nantucket,US,41.2835,-70.0995,74.97,clear sky,Jared Coffin House
630,Hvide Sande,DK,56.0045,8.1294,61.38,broken clouds,Hvide Sande Hotel
633,Kissidougou,GN,9.1848,-10.0999,78.94,overcast clouds,Hôtel Mantis
634,Whyalla,AU,-33.0333,137.5833,51.69,broken clouds,Foreshore Motor Inn
636,Karratha,AU,-20.7377,116.8463,70.36,overcast clouds,ibis Styles Karratha
637,Willowmore,ZA,-33.2926,23.4895,52.72,overcast clouds,Jumper's Place
640,Huamachuco,PE,-7.8,-78.0667,61.88,overcast clouds,Hotel Mama Wasi
641,Severnyy,RU,50.677,36.5532,62.64,light rain,Full House North Mini-Hotel
643,Kiunga,PG,-6.1219,141.2906,73.38,overcast clouds,Airport Lodge Kiunga
644,Charters Towers,AU,-20.1,146.2667,59.97,broken clouds,Cattleman's Rest Motor Inn
647,Bloemfontein,ZA,-29.1211,26.214000000000002,47.68,clear sky,aha Bloemfontein Hotel
648,Baymak,RU,52.5933,58.3225,58.53,overcast clouds,Sakmar
649,Necochea,AR,-38.5473,-58.7368,52.3,overcast clouds,dyd -mar Hotel
650,Pouembout,NC,-21.1333,164.9,66.63,overcast clouds,Camping de Tipenga
651,Tisul,RU,55.7611,88.3122,60.8,overcast clouds,Gostinitsa
654,Sandnessjoen,NO,66.0217,12.6316,73.92,clear sky,Syv Søstre Apartments
655,Tabuk,PH,17.4189,121.4443,77.67,overcast clouds,Golden Berries Hotel and Convention
657,Moose Factory,CA,51.2585,-80.6094,75.2,clear sky,Moosonee Lilypad
659,Les Escoumins,CA,48.1111,-69.0236,68.56,broken clouds,
660,Harper,LR,4.375,-7.7169,79.9,few clouds,Screensaver
662,Cuxhaven,DE,53.8718,8.6909,62.1,clear sky,Best Western Hotel Das Donners
663,Camana,PE,-16.6228,-72.7111,67.26,scattered clouds,Hostal Morales
664,Lastoursville,GA,-0.8143,12.7287,74.03,light rain,Auberge Bon Coin 02
665,Salme,NP,28.0369,85.0942,62.89,clear sky,
666,Marsabit,KE,2.3284,37.9899,70.11,overcast clouds,Chicho Hotel
667,Townsville,AU,-19.25,146.8,67.08,overcast clouds,Rydges Southbank Townsville
668,Ahipara,NZ,-35.1667,173.1667,56.55,overcast clouds,Ahipara Holiday Park
670,Letka,RU,59.6011,49.4232,44.64,clear sky,"Gostinitsa Letka, Shinomontazh"
672,Bundaberg,AU,-24.85,152.35,67.21,overcast clouds,Takalvan Motel
674,Penzance,GB,50.1186,-5.5371,61.81,overcast clouds,Artist Residence Penzance
675,Belaya Gora,RU,68.5333,146.4167,58.24,clear sky,
676,Tawang,IN,27.5833,91.8667,52.88,broken clouds,Hotel Mount View
677,Rehoboth,,-23.3167,17.0833,50.68,clear sky,Noble Luminous Accommodation
