City_ID,City,Country,Lat,Lng,Max Temp,Humidity,Cloudiness,Wind Speed,Current_Description
0,Mataura,NZ,-46.1927,168.8643,49.48,97,24,2.57,few clouds
1,Kapaa,US,22.0752,-159.319,81.12,72,1,1.99,clear sky
2,Zhireken,RU,52.8249,117.3076,42.76,92,19,4.76,few clouds
3,Albany,US,42.6001,-73.9662,78.91,58,100,4.9,overcast clouds
4,Ushuaia,AR,-54.8,-68.3,31.62,95,26,1.66,scattered clouds
5,Amga,RU,60.8953,131.9608,49.69,69,13,2.1,few clouds
6,Atuona,PF,-9.8,-139.0333,80.02,72,100,15.93,overcast clouds
7,Arcos,BR,-20.2819,-45.5394,77.97,48,11,2.51,few clouds
8,Nikolskoye,RU,59.7035,30.7861,60.69,75,35,5.39,scattered clouds
9,Puerto Ayora,EC,-0.7393,-90.3518,80.56,80,92,8.99,overcast clouds
10,Kopervik,NO,59.2835,5.3067,68.14,45,0,9.22,clear sky
11,Busselton,AU,-33.65,115.3333,60.03,68,100,3.0,overcast clouds
12,Qaanaaq,GL,77.484,-69.3632,27.97,77,98,3.22,overcast clouds
13,Thompson,CA,55.7435,-97.8558,78.96,34,75,12.66,broken clouds
14,Bluff,NZ,-46.6,168.3333,49.8,82,100,11.07,overcast clouds
15,Neuquen,AR,-38.9516,-68.0591,57.09,41,0,4.61,clear sky
16,Kloulklubed,PW,7.0419,134.2556,77.5,77,81,4.32,broken clouds
17,Fortuna,US,40.5982,-124.1573,88.48,87,20,8.05,few clouds
18,Airai,TL,-8.9266,125.4092,55.47,89,42,2.84,scattered clouds
19,Puerto Escondido,MX,15.85,-97.0667,90.43,62,40,14.97,scattered clouds
20,Rikitea,PF,-23.1203,-134.9692,72.36,60,100,17.83,overcast clouds
21,Saint-Philippe,RE,-21.3585,55.7679,74.79,84,97,15.52,light rain
22,Mgandu,TZ,-5.95,34.1333,63.39,57,35,5.14,scattered clouds
23,Barrow,US,71.2906,-156.7887,28.42,74,90,18.41,overcast clouds
24,Hobart,AU,-42.8794,147.3294,53.26,79,98,5.64,overcast clouds
25,Leeton,AU,-34.5667,146.4,51.85,100,90,3.11,moderate rain
26,Kefamenanu,ID,-9.4467,124.4781,69.44,96,98,3.83,overcast clouds
27,Tomatlan,MX,19.9333,-105.25,96.31,37,100,8.75,overcast clouds
28,Guerrero Negro,MX,27.9769,-114.0611,71.8,53,7,13.22,clear sky
29,Jamestown,US,42.097,-79.2353,71.19,56,20,10.36,few clouds
30,Hithadhoo,MV,-0.6,73.0833,83.91,67,100,16.35,overcast clouds
31,Lagoa,PT,39.05,-27.9833,59.47,63,42,6.8,scattered clouds
32,Nam Dinh,VN,20.4167,106.1667,84.94,84,95,11.48,overcast clouds
33,Nanortalik,GL,60.1432,-45.2371,40.6,79,100,13.94,overcast clouds
34,Saint George,US,37.1041,-113.5841,100.54,11,1,1.01,clear sky
35,Georgetown,MY,5.4112,100.3354,82.89,88,20,2.3,few clouds
36,Torres,BR,-29.3353,-49.7269,69.35,75,67,7.09,broken clouds
37,Broken Hill,AU,-31.95,141.4333,49.71,87,19,9.22,few clouds
38,General Roca,AR,-39.0333,-67.5833,57.6,32,97,9.06,overcast clouds
39,Carnarvon,AU,-24.8667,113.6333,55.47,82,100,8.05,overcast clouds
40,Kaitangata,NZ,-46.2817,169.8464,42.53,90,13,6.78,few clouds
41,Hilo,US,19.7297,-155.09,77.79,78,90,3.44,overcast clouds
42,Kysyl-Syr,RU,63.8986,122.7617,54.21,81,77,4.79,broken clouds
43,East London,ZA,-33.0153,27.9116,61.39,83,100,18.34,light rain
44,Porto Nacional,BR,-10.7081,-48.4172,91.4,28,0,3.91,clear sky
45,Pisco,PE,-13.7,-76.2167,64.45,88,90,4.61,mist
46,Hamilton,US,39.1834,-84.5333,67.21,95,90,1.01,mist
47,Dikson,RU,73.5069,80.5464,22.77,93,31,5.48,scattered clouds
48,Port Blair,IN,11.6667,92.75,83.3,76,18,3.98,few clouds
49,Mersing,MY,2.4312,103.8405,76.91,94,59,5.75,broken clouds
50,Bredasdorp,ZA,-34.5322,20.0403,55.27,94,38,9.42,scattered clouds
51,Victoria,HK,22.2855,114.1577,85.32,90,100,7.05,overcast clouds
52,Torbay,CA,47.6666,-52.7314,71.89,58,20,27.63,few clouds
53,Tongliao,CN,43.6125,122.2653,53.49,49,2,13.2,clear sky
54,Samarai,PG,-10.6167,150.6667,78.26,82,100,12.17,overcast clouds
55,Avarua,CK,-21.2078,-159.775,78.85,69,65,13.8,broken clouds
56,Buluang,PH,13.3068,123.3425,78.94,87,100,6.46,overcast clouds
57,Gawler,AU,-34.6,138.7333,55.63,89,2,0.51,clear sky
58,Bowen,AU,-20.0167,148.2333,61.02,91,78,7.23,broken clouds
59,New Norfolk,AU,-42.7826,147.0587,52.92,76,100,1.01,overcast clouds
60,Souillac,MU,-20.5167,57.5167,76.35,64,20,16.64,few clouds
61,Hermanus,ZA,-34.4187,19.2345,62.91,81,33,14.12,scattered clouds
62,Shache,CN,38.4167,77.2406,73.36,28,74,7.83,broken clouds
63,Khatanga,RU,71.9667,102.5,33.28,86,100,2.84,overcast clouds
64,Ampanihy,MG,-24.7,44.75,66.09,95,18,5.68,few clouds
65,Teahupoo,PF,-17.8333,-149.2667,76.96,70,81,10.07,broken clouds
66,Vaini,TO,-21.2,-175.2,69.96,83,75,2.3,broken clouds
67,Cape Town,ZA,-33.9258,18.4232,63.12,79,0,5.01,clear sky
68,Sao Sepe,BR,-30.1606,-53.5653,71.55,67,100,7.25,overcast clouds
69,Murdochville,CA,48.9583,-65.5006,50.88,47,26,13.04,scattered clouds
70,Inhambane,MZ,-23.865,35.3833,69.78,88,40,5.75,light rain
71,Vila,PT,42.0304,-8.1588,55.74,87,100,3.6,overcast clouds
72,Igrim,RU,63.1906,64.4162,40.8,56,12,6.76,few clouds
73,Sukabumi,ID,-6.9181,106.9267,74.61,93,97,0.51,overcast clouds
74,Port Hedland,AU,-20.3167,118.5667,69.85,37,100,9.22,overcast clouds
75,Ojinaga,MX,29.5667,-104.4167,91.58,30,1,0.0,clear sky
76,Umm Lajj,SA,25.0213,37.2685,86.18,56,4,8.23,clear sky
77,Mabaruma,GY,8.2,-59.7833,82.98,68,58,6.96,broken clouds
78,Maldonado,UY,-34.6667,-54.9167,56.59,70,6,13.67,clear sky
79,Omsukchan,RU,62.5333,155.8,42.15,62,23,3.4,few clouds
80,Pevek,RU,69.7008,170.3133,32.45,73,19,2.19,few clouds
81,Geraldton,AU,-28.7667,114.6,52.21,87,0,10.4,clear sky
82,Ust-Tarka,RU,55.5672,75.705,51.31,72,10,5.08,clear sky
83,Enshi,CN,30.3,109.4833,69.82,97,99,2.37,light rain
84,Sola,VU,-13.8833,167.55,79.39,80,100,24.72,overcast clouds
85,Jardim,BR,-21.4803,-56.1381,91.36,29,10,4.47,clear sky
86,Namibe,AO,-15.1961,12.1522,72.05,82,88,6.78,overcast clouds
87,Port Alfred,ZA,-33.5906,26.891,61.36,79,99,19.89,overcast clouds
88,Husavik,IS,66.0449,-17.3389,55.31,77,38,5.12,scattered clouds
89,Punta Arenas,CL,-53.15,-70.9167,33.91,69,0,4.74,clear sky
90,Kodiak,US,57.79,-152.4072,47.71,81,90,5.75,light rain
91,Mahebourg,MU,-20.4081,57.7,76.24,64,20,14.97,few clouds
92,Kruisfontein,ZA,-34.0033,24.7314,53.89,93,100,13.31,heavy intensity rain
93,Coihaique,CL,-45.5752,-72.0662,43.41,87,90,5.75,overcast clouds
94,Colon,PA,9.3592,-79.9014,89.64,64,99,11.99,overcast clouds
95,Upernavik,GL,72.7868,-56.1549,32.04,82,100,7.49,overcast clouds
96,Port-Cartier,CA,50.0334,-66.8654,71.82,33,14,6.89,few clouds
97,Opuwo,NA,-18.0607,13.84,64.22,28,42,9.35,scattered clouds
98,Ponta Do Sol,PT,32.6667,-17.1,66.13,55,95,9.71,overcast clouds
99,Makakilo City,US,21.3469,-158.0858,80.92,59,20,9.22,few clouds
100,San Patricio,US,28.017,-97.5169,91.02,54,34,7.94,scattered clouds
101,Mehamn,NO,71.0357,27.8492,64.58,47,0,5.75,clear sky
102,Yellowknife,CA,62.456,-114.3525,59.52,77,40,1.99,scattered clouds
103,Hue,VN,16.4667,107.6,87.91,66,20,3.09,few clouds
104,Khalilabad,IN,26.775,83.0736,88.68,50,0,2.66,clear sky
105,Comodoro Rivadavia,AR,-45.8667,-67.5,49.86,57,0,12.66,clear sky
106,Clyde River,CA,70.4692,-68.5914,28.63,86,90,4.61,overcast clouds
107,Berdigestyakh,RU,62.0989,126.6992,50.27,75,94,1.92,overcast clouds
108,Safaga,EG,26.7292,33.9365,87.17,30,0,19.1,clear sky
109,Kuvshinovo,RU,57.0295,34.1725,49.24,83,8,4.07,clear sky
110,Gizo,SB,-8.103,156.8419,81.25,79,96,7.99,overcast clouds
111,Kota Bahru,MY,6.1333,102.2386,78.75,94,20,2.3,few clouds
112,Sabzevar,IR,36.2126,57.6819,89.28,11,0,6.26,clear sky
113,Troy,US,42.6056,-83.1499,70.18,81,90,1.99,light rain
114,Sitka,US,57.0531,-135.33,49.89,87,90,12.66,overcast clouds
115,Ungra,RO,45.9833,25.2667,53.01,88,100,1.57,overcast clouds
116,Udachnyy,RU,66.4167,112.4,58.26,65,82,0.81,broken clouds
117,Miles City,US,46.4083,-105.8406,84.51,24,1,0.0,clear sky
118,Chuy,UY,-33.6971,-53.4616,62.6,59,78,13.04,broken clouds
119,Lazaro Cardenas,MX,17.9583,-102.2,90.12,53,98,11.41,overcast clouds
120,Liku,ID,-0.7275,119.8922,74.98,92,28,3.33,scattered clouds
121,Pavlodar,KZ,52.3,76.95,66.0,68,40,12.86,scattered clouds
122,Ancud,CL,-41.8697,-73.8203,48.42,93,100,11.18,moderate rain
123,Kavieng,PG,-2.5744,150.7967,80.62,79,100,5.95,light rain
124,Khuzhir,RU,53.1939,107.3397,43.79,88,95,1.86,overcast clouds
125,Leshukonskoye,RU,64.8989,45.7622,42.57,86,100,7.02,overcast clouds
126,Dingle,PH,10.9995,122.6711,76.89,91,100,5.26,light rain
127,Pakxe,LA,15.1167,105.7833,80.83,81,100,3.42,overcast clouds
128,Taoudenni,ML,22.6783,-3.9836,107.24,8,19,6.71,few clouds
129,Cabo San Lucas,MX,22.8909,-109.9124,94.6,48,29,6.11,scattered clouds
130,Luganville,VU,-15.5333,167.1667,75.13,81,82,8.63,broken clouds
131,Mayumba,GA,-3.432,10.6554,76.3,89,22,4.47,few clouds
132,Bethel,US,41.3712,-73.414,78.82,63,40,12.66,scattered clouds
133,Ust-Nera,RU,64.5667,143.2,45.64,71,9,2.44,clear sky
134,Kavaratti,IN,10.5669,72.642,83.34,78,100,16.02,overcast clouds
135,Pandamatenga,BW,-18.5278,25.627,57.65,28,7,8.28,clear sky
136,Miri,MY,4.4148,114.0089,78.94,94,20,3.78,few clouds
137,Narsaq,GL,60.9167,-46.05,50.22,63,100,13.42,overcast clouds
138,Finschhafen,PG,-6.6024,147.8681,77.22,86,41,8.37,scattered clouds
139,Nicoya,CR,10.1483,-85.452,92.75,42,30,6.78,scattered clouds
140,Grand-Lahou,CI,5.1367,-5.0242,80.71,82,96,8.59,overcast clouds
141,Kikwit,CD,-5.041,18.8162,75.43,47,44,1.97,scattered clouds
142,Pio Ix,BR,-6.8375,-40.5792,93.25,27,8,4.09,clear sky
143,Lavrentiya,RU,65.5833,-171.0,30.74,69,36,15.93,scattered clouds
144,Laguna,US,38.421,-121.4238,99.64,40,1,4.0,clear sky
145,Castro,BR,-24.7911,-50.0119,67.55,76,24,7.4,few clouds
146,Karasjok,NO,69.4719,25.5112,69.91,44,76,6.53,broken clouds
147,Norman Wells,CA,65.282,-126.8329,48.24,71,75,9.22,broken clouds
148,Faanui,PF,-16.4833,-151.75,80.55,71,100,13.6,overcast clouds
149,Beihai,CN,21.4833,109.1,85.59,77,100,3.36,overcast clouds
150,Axim,GH,4.8699,-2.2405,80.76,81,100,8.28,light rain
151,Katherine,AU,-14.4667,132.2667,71.92,73,90,6.85,overcast clouds
152,Arraial Do Cabo,BR,-22.9661,-42.0278,78.76,78,0,13.8,clear sky
153,Gigmoto,PH,13.7796,124.39,80.69,84,100,10.33,overcast clouds
154,Cidreira,BR,-30.1811,-50.2056,67.96,71,100,9.69,overcast clouds
155,Butaritari,KI,3.0707,172.7902,82.94,78,100,15.52,light rain
156,Tahta,EG,26.7693,31.5021,87.42,20,5,16.71,clear sky
157,Longyearbyen,SJ,78.2186,15.6401,39.04,81,90,26.46,light rain
158,Sao Filipe,CV,14.8961,-24.4956,74.5,77,16,11.32,few clouds
159,Luderitz,NA,-26.6481,15.1594,67.71,29,0,13.53,clear sky
160,Mar Del Plata,AR,-38.0023,-57.5575,55.09,62,0,1.01,clear sky
161,Coquimbo,CL,-29.9533,-71.3436,56.93,94,75,3.87,fog
162,Bogorodskoye,RU,56.55,37.8833,49.46,84,22,5.26,few clouds
163,Ilulissat,GL,69.2167,-51.1,42.82,56,1,8.05,clear sky
164,Ginir,ET,7.1333,40.7,56.62,90,10,5.46,clear sky
165,Chokurdakh,RU,70.6333,147.9167,63.73,26,17,1.43,few clouds
166,Alofi,NU,-19.0595,-169.9187,73.29,94,100,5.75,light rain
167,San Cristobal,VE,7.7669,-72.225,82.58,55,72,5.53,broken clouds
168,Lata,PT,40.1629,-8.3327,64.04,84,100,6.98,overcast clouds
169,Hervey Bay,AU,-25.2986,152.8535,67.03,75,29,2.48,scattered clouds
170,Nizhniy Bestyakh,RU,61.9594,129.9086,51.28,58,0,3.96,clear sky
171,Imbituba,BR,-28.24,-48.6703,75.09,69,100,4.14,moderate rain
172,Athabasca,CA,54.7169,-113.2854,81.01,42,21,7.29,few clouds
173,Xai-Xai,MZ,-25.0519,33.6442,64.22,91,48,4.68,moderate rain
174,Mazagao,BR,-0.115,-51.2894,91.45,62,23,5.7,few clouds
175,Port Lincoln,AU,-34.7333,135.8667,59.54,77,78,14.14,broken clouds
176,Ciudad Bolivar,VE,8.1222,-63.5497,89.49,45,88,5.39,overcast clouds
177,Caravelas,BR,-17.7125,-39.2481,77.76,71,90,7.02,overcast clouds
178,Asfi,MA,32.2994,-9.2372,66.29,71,1,18.41,clear sky
179,Edd,ER,13.9297,41.6925,88.5,67,14,4.76,few clouds
180,Moyale,KE,3.5167,39.0584,71.92,53,99,4.41,overcast clouds
181,Saint-Augustin,CA,51.226,-58.6502,59.63,54,72,11.81,broken clouds
182,Marzuq,YE,14.4,46.4667,79.66,51,100,4.5,overcast clouds
183,Dwarka,IN,22.2394,68.9678,83.68,77,43,15.64,scattered clouds
184,Cherskiy,RU,68.75,161.3,53.08,38,36,8.12,scattered clouds
185,Vigeland,NO,58.0844,7.305,60.94,87,42,12.66,scattered clouds
186,Tommot,RU,58.9564,126.2925,46.13,92,91,1.52,overcast clouds
187,Nizhniy Kuranakh,RU,58.8353,125.4869,46.15,92,97,1.9,overcast clouds
188,Tarnos,FR,43.5417,-1.4628,77.14,66,0,9.22,clear sky
189,Bengkulu,ID,-3.8004,102.2655,77.11,86,94,4.32,overcast clouds
190,Sao Raimundo Das Mangabeiras,BR,-7.0219,-45.4811,92.16,35,61,5.66,broken clouds
191,Marang,MY,5.2056,103.2059,78.71,86,81,6.8,broken clouds
192,Felipe Carrillo Puerto,MX,19.5833,-88.05,95.0,38,31,7.38,scattered clouds
193,Byron Bay,AU,-28.65,153.6167,60.87,88,99,3.44,overcast clouds
194,Sorland,NO,67.667,12.6934,66.27,69,14,5.73,few clouds
195,Port Macquarie,AU,-31.4333,152.9167,51.39,77,92,5.93,overcast clouds
196,Te Anau,NZ,-45.4167,167.7167,42.82,93,49,1.45,scattered clouds
197,Manokwari,ID,-0.8667,134.0833,78.55,85,100,8.88,overcast clouds
198,Kikinda,RS,45.8297,20.4653,52.27,71,48,6.11,scattered clouds
199,Severo-Kurilsk,RU,50.6789,156.125,40.51,91,25,9.04,scattered clouds
200,Lakes Entrance,AU,-37.8811,147.981,52.18,71,100,7.09,light rain
201,Beira,MZ,-19.8436,34.8389,66.29,94,90,12.66,heavy intensity rain
202,Saldanha,ZA,-33.0117,17.9442,60.85,84,51,16.87,broken clouds
203,Najran,SA,17.4924,44.1277,84.85,17,100,3.04,overcast clouds
204,Salalah,OM,17.0151,54.0924,82.49,83,75,3.44,broken clouds
205,Alexandria,EG,31.2156,29.9553,71.37,62,0,8.68,clear sky
206,Koslan,RU,63.4564,48.8989,46.4,81,100,8.84,overcast clouds
207,Matara,LK,5.9485,80.5353,79.57,86,99,11.43,overcast clouds
208,Bolshaya Martynovka,RU,47.271,41.6679,59.25,95,41,8.72,scattered clouds
209,Ponta Delgada,PT,37.7333,-25.6667,63.32,51,20,10.36,few clouds
210,Bubaque,GW,11.2833,-15.8333,80.02,77,11,16.91,few clouds
211,Tabas,IR,33.5959,56.9244,97.25,9,0,8.43,clear sky
212,Sarangani,PH,5.4033,125.4636,82.76,77,29,4.7,scattered clouds
213,Orativ,UA,49.1889,29.527,51.62,93,100,10.25,overcast clouds
214,Santa Cruz,BO,-17.8,-63.1667,86.38,42,22,15.23,few clouds
215,Kutum,SD,14.2,24.6667,88.09,17,100,3.49,overcast clouds
216,Xichang,CN,27.8964,102.2634,67.41,93,60,2.08,broken clouds
217,Lebu,CL,-37.6167,-73.65,56.23,91,100,9.19,overcast clouds
218,Lucapa,AO,-8.4192,20.7447,71.13,32,100,2.8,overcast clouds
219,Sovetskaya Gavan,RU,48.9723,140.2878,47.03,97,100,2.33,overcast clouds
220,Krasnoselkup,RU,65.7,82.4667,38.3,63,98,9.17,overcast clouds
221,Shelby,US,35.2001,-89.8668,83.91,66,75,1.01,broken clouds
222,Port Hawkesbury,CA,45.6169,-61.3485,74.88,40,1,12.66,clear sky
223,Alyangula,AU,-13.8483,136.4192,64.27,100,44,6.29,scattered clouds
224,Estelle,US,29.8458,-90.1067,88.0,60,75,4.0,broken clouds
225,Grindavik,IS,63.8424,-22.4338,48.56,71,75,9.86,broken clouds
226,Januaria,BR,-15.4833,-44.3667,90.7,25,11,4.61,few clouds
227,Sai Buri,TH,6.7013,101.6168,78.93,87,73,2.62,broken clouds
228,Namatanai,PG,-3.6667,152.4333,78.19,84,83,3.94,broken clouds
229,Loa Janan,ID,-0.583,117.095,72.57,94,19,2.44,few clouds
230,Constantine,DZ,36.365,6.6147,74.61,56,20,8.05,few clouds
231,Buraydah,SA,26.326,43.975,97.25,10,1,10.76,clear sky
232,Komsomolskiy,UZ,40.4272,71.7189,79.52,24,40,9.22,scattered clouds
233,Kyra,RU,49.5776,111.9753,40.44,96,95,6.15,overcast clouds
234,Volksrust,ZA,-27.3654,29.8818,39.88,75,39,1.72,scattered clouds
235,Alta Floresta,BR,-9.8756,-56.0861,93.02,31,20,4.61,few clouds
236,Mopti,ML,14.6667,-4.0,96.31,23,91,25.88,overcast clouds
237,Katsuura,JP,35.1333,140.3,69.12,83,4,8.75,clear sky
238,Guilin,CN,25.2819,110.2864,75.31,97,96,0.69,overcast clouds
239,Zhigansk,RU,66.7697,123.3711,56.84,70,100,14.0,light rain
240,Baghdad,IQ,33.3406,44.4009,91.31,21,0,17.27,clear sky
241,Aklavik,CA,68.2191,-135.0107,36.32,86,90,4.61,overcast clouds
242,Talnakh,RU,69.4865,88.3972,33.33,91,100,7.78,overcast clouds
243,Haimen,CN,23.1935,116.6142,78.69,94,100,4.05,overcast clouds
244,Alice Springs,AU,-23.7,133.8833,49.55,76,38,7.16,scattered clouds
245,Ewa Beach,US,21.3156,-158.0072,82.35,58,20,8.99,few clouds
246,Tasiilaq,GL,65.6145,-37.6368,39.36,82,30,5.95,scattered clouds
247,Liepaja,LV,56.5419,21.0367,62.58,59,40,2.3,haze
248,Bakel,SN,14.905,-12.4568,102.9,19,56,6.06,broken clouds
249,Buta,CD,2.7858,24.73,74.01,77,100,1.68,overcast clouds
250,Chapais,CA,49.7834,-74.8492,67.78,36,96,7.43,overcast clouds
251,Eydhafushi,MV,5.1033,73.0708,83.46,69,22,17.96,few clouds
252,Kilindoni,TZ,-7.9139,39.6668,78.64,75,84,10.65,light rain
253,Mantua,IT,45.1667,10.7833,74.44,67,23,2.86,few clouds
254,Okoneshnikovo,RU,54.8377,75.0834,53.1,70,2,7.36,clear sky
255,Hasaki,JP,35.7333,140.8333,63.28,79,9,7.18,clear sky
256,Vestmannaeyjar,IS,63.4427,-20.2734,49.19,66,0,6.91,clear sky
257,Bathsheba,BB,13.2167,-59.5167,86.61,54,40,13.42,scattered clouds
258,Villaviciosa,ES,43.4813,-5.4357,64.0,84,100,2.71,overcast clouds
259,Wildomar,US,33.5989,-117.28,99.3,31,1,5.01,clear sky
260,Locri,IT,38.2414,16.2623,70.38,79,100,1.52,overcast clouds
261,Council Bluffs,US,41.2619,-95.8608,82.31,36,40,3.44,scattered clouds
262,Vanimo,PG,-2.6741,141.3028,76.44,87,100,3.29,overcast clouds
263,Patacamaya,BO,-17.2333,-67.9167,56.14,10,100,1.16,overcast clouds
264,Quatre Cocos,MU,-20.2078,57.7625,76.08,68,90,17.78,overcast clouds
265,Dongli,CN,23.5656,116.8194,78.78,94,75,1.81,mist
266,Matagami,CA,49.7502,-77.6328,77.11,27,40,10.45,scattered clouds
267,Gat,IL,31.61,34.7642,72.81,100,0,8.05,clear sky
268,Saskylakh,RU,71.9167,114.0833,35.01,89,100,18.95,overcast clouds
269,Deputatskiy,RU,69.3,139.9,54.07,34,52,2.66,broken clouds
270,Malakal,SS,9.5334,31.6605,86.79,50,100,5.08,light rain
271,Muzhi,RU,65.3667,64.6667,35.96,73,97,16.33,overcast clouds
272,Zhengjiatun,CN,43.5064,123.5064,52.48,94,0,10.83,clear sky
273,Parrita,CR,9.5201,-84.3225,96.06,67,37,7.67,scattered clouds
274,Chumikan,RU,54.7183,135.315,36.18,97,100,1.16,overcast clouds
275,Kulhudhuffushi,MV,6.6221,73.07,82.85,76,98,18.14,overcast clouds
276,Sinnamary,GF,5.3833,-52.95,81.88,80,73,7.47,light rain
277,Tuktoyaktuk,CA,69.4541,-133.0374,35.6,60,75,13.8,broken clouds
278,Isangel,VU,-19.55,169.2667,68.65,67,22,7.63,few clouds
279,Kiama,AU,-34.6833,150.8667,54.57,85,100,3.0,light rain
280,Doha,QA,25.2867,51.5333,91.71,35,0,4.61,clear sky
281,Berlevag,NO,70.8578,29.0864,60.75,48,0,11.5,clear sky
282,Asau,RO,46.4333,26.4,53.76,76,100,6.17,overcast clouds
283,Saint-Georges,GD,12.0564,-61.7485,85.68,62,20,23.02,few clouds
284,San Juan,AR,-31.5375,-68.5364,79.74,32,0,4.36,clear sky
285,Port Elizabeth,ZA,-33.918,25.5701,59.29,94,90,16.11,moderate rain
286,Kjollefjord,NO,70.9457,27.3465,64.45,47,0,5.39,clear sky
287,Arandis,NA,-22.4167,14.9667,72.88,19,0,3.83,clear sky
288,Truth Or Consequences,US,33.1284,-107.2528,89.91,18,1,8.77,clear sky
289,Maridi,SS,4.9158,29.4742,68.54,99,100,4.25,moderate rain
290,Avera,US,33.194,-82.5271,85.51,33,100,6.33,overcast clouds
291,Santiago De Chuco,PE,-8.15,-78.1833,61.43,56,100,0.49,overcast clouds
292,Mancio Lima,BR,-7.6142,-72.8958,82.47,78,75,3.24,broken clouds
293,Bambous Virieux,MU,-20.3428,57.7575,76.21,64,20,17.92,few clouds
294,Sabha,LY,27.0377,14.4283,95.68,12,100,9.71,overcast clouds
295,Abha,SA,18.2164,42.5053,77.25,11,0,9.01,clear sky
296,Saint-Pierre,RE,-21.3393,55.4781,74.88,78,0,24.16,clear sky
297,Joshimath,IN,30.5667,79.5667,60.22,73,5,5.12,clear sky
298,Machacamarca,BO,-18.1667,-67.0333,57.61,9,28,7.27,scattered clouds
299,Garden City,US,42.3256,-83.331,68.61,90,90,1.01,mist
300,Brownwood,US,31.7093,-98.9912,84.29,54,62,5.73,broken clouds
301,Walvis Bay,NA,-22.9575,14.5053,72.55,23,0,12.55,clear sky
302,Marawi,PH,7.9986,124.2928,67.64,84,100,4.47,overcast clouds
303,Porto Novo,BJ,6.4965,2.6036,84.02,76,63,8.63,broken clouds
304,Belle Fourche,US,44.6714,-103.8522,82.31,23,12,7.38,few clouds
305,Ribeira Grande,PT,38.5167,-28.7,64.8,55,20,9.22,few clouds
306,Sabang,ID,5.8933,95.3214,83.01,75,96,8.72,overcast clouds
307,Tura,IN,25.5198,90.2201,73.89,93,90,4.9,overcast clouds
308,Naifaru,MV,5.4444,73.3657,83.26,72,47,18.34,scattered clouds
309,Robertson,US,36.5167,-86.8667,74.79,88,90,14.97,overcast clouds
310,Mwense,ZM,-10.3845,28.698,68.16,61,98,3.31,overcast clouds
311,Suisun City,US,38.2382,-122.0402,89.2,43,1,10.0,clear sky
312,Akdepe,TM,42.0551,59.3788,86.09,20,0,6.64,clear sky
313,Vila Franca Do Campo,PT,37.7167,-25.4333,63.01,59,100,9.69,overcast clouds
314,Tuatapere,NZ,-46.1333,167.6833,49.82,90,40,4.74,scattered clouds
315,Bilma,NE,18.6853,12.9164,95.27,9,15,4.21,few clouds
316,Ferkessedougou,CI,9.6,-5.2,87.33,48,71,5.12,broken clouds
317,Kudahuvadhoo,MV,2.6708,72.8944,83.44,69,66,16.26,broken clouds
318,Newport,GB,51.5877,-2.9984,70.68,84,100,7.45,overcast clouds
319,Maniitsoq,GL,65.4167,-52.9,35.74,86,100,9.6,overcast clouds
320,Tatarsk,RU,55.219,75.9828,52.03,71,6,6.46,clear sky
321,Vung Tau,VN,10.346,107.0843,83.37,80,99,12.03,overcast clouds
322,Pitimbu,BR,-7.4706,-34.8086,82.99,74,12,12.86,few clouds
323,Vardo,NO,70.3705,31.1107,61.0,55,0,4.61,clear sky
324,Nyagan,RU,62.1406,65.3936,39.25,63,10,6.24,clear sky
325,Tiksi,RU,71.6872,128.8694,47.55,76,100,10.31,overcast clouds
326,Wewak,PG,-3.5534,143.6268,77.38,89,86,4.79,overcast clouds
327,Huntsville,US,34.7304,-86.5861,81.72,71,1,3.0,clear sky
328,Portland,US,45.5234,-122.6762,87.64,46,1,1.99,clear sky
329,Pacific Grove,US,36.6177,-121.9166,83.16,80,40,3.0,scattered clouds
330,Telma,RU,52.6983,103.7097,47.41,78,2,3.0,clear sky
331,San Francisco,US,37.7749,-122.4194,81.91,74,20,3.0,few clouds
332,Vyazniki,RU,56.25,42.1667,49.62,84,4,6.29,clear sky
333,Arrah,IN,25.5667,84.6667,76.89,53,28,3.76,scattered clouds
334,Sao Gabriel Da Cachoeira,BR,-0.1303,-67.0892,85.8,74,40,2.77,scattered clouds
335,Yar-Sale,RU,66.8333,70.8333,37.11,79,100,11.34,overcast clouds
336,Esperance,AU,-33.8667,121.9,55.24,74,73,8.48,broken clouds
337,Chifeng,CN,42.2683,118.9636,52.88,37,0,9.91,clear sky
338,Klyuchi,RU,52.2667,79.1667,67.98,78,0,11.27,clear sky
339,Wellington,NZ,-41.2866,174.7756,48.56,82,69,10.36,broken clouds
340,Orissaare,EE,58.5592,23.0826,62.55,68,90,10.76,overcast clouds
341,Stykkisholmur,IS,65.0757,-22.7297,46.17,73,40,9.46,scattered clouds
342,Soyo,AO,-6.1349,12.3689,76.66,86,1,7.27,clear sky
343,Nishihara,JP,26.1842,127.7558,80.65,91,75,8.28,broken clouds
344,Nome,US,64.5011,-165.4064,44.17,42,90,3.44,overcast clouds
345,Nizwa,OM,22.9333,57.5333,96.44,12,0,6.96,clear sky
346,Kargat,RU,55.1956,80.2811,53.13,86,12,7.14,few clouds
347,Port Augusta,AU,-32.5,137.7667,51.94,83,5,6.78,clear sky
348,Rio Grande,BR,-32.035,-52.0986,69.91,62,0,11.5,clear sky
349,Kashi,CN,39.4547,75.9797,81.23,28,40,18.21,scattered clouds
350,Klaksvik,FO,62.2266,-6.589,50.92,95,100,8.55,overcast clouds
351,Broome,US,42.2506,-75.833,69.1,87,90,8.01,light rain
352,Biskamzha,RU,53.4497,89.5272,55.6,95,7,2.39,light rain
353,Khairpur Nathan Shah,PK,27.0936,67.7337,97.36,26,0,6.69,clear sky
354,Nizhniy Baskunchak,RU,48.2198,46.8311,65.73,89,100,11.74,heavy intensity rain
355,At-Bashi,KG,41.1702,75.8106,57.22,69,100,2.19,overcast clouds
356,Kalmunai,LK,7.4167,81.8167,81.34,82,94,3.98,overcast clouds
357,Yulara,AU,-25.2406,130.9889,48.04,76,100,5.75,overcast clouds
358,Kodinsk,RU,58.6881,99.1844,56.32,61,9,4.88,clear sky
359,La Ronge,CA,55.1001,-105.2842,86.22,26,75,12.66,broken clouds
360,Ormara,PK,25.2088,64.6357,84.45,79,88,6.38,overcast clouds
361,Anadyr,RU,64.75,177.4833,36.1,69,0,5.99,clear sky
362,Yeppoon,AU,-23.1333,150.7333,62.38,86,6,2.82,clear sky
363,Hovd,MN,48.0056,91.6419,62.44,29,59,1.48,broken clouds
364,Bobcaygeon,CA,44.5462,-78.542,74.48,38,35,8.34,scattered clouds
365,Cockburn Town,TC,21.4612,-71.1419,84.16,65,90,11.5,overcast clouds
366,Huilong,CN,31.8111,121.655,73.04,98,100,0.94,overcast clouds
367,Henties Bay,NA,-22.116,14.2845,65.43,55,0,8.52,clear sky
368,Xining,CN,36.6167,101.7667,52.16,54,100,0.43,overcast clouds
369,Banda Aceh,ID,5.5577,95.3222,80.44,82,100,6.06,overcast clouds
370,Maningrida,AU,-12.0667,134.2667,69.98,86,47,7.54,scattered clouds
371,Huzhou,CN,30.8703,120.0933,75.97,97,90,1.36,overcast clouds
372,Trenggalek,ID,-8.05,111.7167,74.17,93,38,0.72,scattered clouds
373,Saint-Leu,RE,-21.15,55.2833,74.26,93,99,1.95,overcast clouds
374,Arroyo,ES,41.6096,-4.7969,74.19,41,0,6.55,clear sky
375,Faya,SA,18.3851,42.4509,77.52,20,84,8.5,broken clouds
376,Strezhevoy,RU,60.7333,77.5889,42.78,80,7,5.57,clear sky
377,Genhe,CN,50.7833,121.5167,43.84,98,100,3.09,light rain
378,Lodwar,KE,3.1191,35.5973,88.3,34,86,14.43,overcast clouds
379,Stanghelle,NO,60.5528,5.7357,69.84,43,98,1.83,overcast clouds
380,Codrington,AU,-38.2667,141.9667,49.1,87,39,6.96,scattered clouds
381,Pilar,BR,-9.5972,-35.9567,80.53,72,23,7.74,few clouds
382,Maragogi,BR,-9.0122,-35.2225,79.25,72,2,9.28,clear sky
383,Northam,GB,51.0333,-4.2167,66.15,94,94,7.36,overcast clouds
384,Oranjemund,NA,-28.55,16.4333,59.11,61,0,13.15,clear sky
385,Gabu,GW,12.2833,-14.2167,98.96,26,91,4.36,overcast clouds
386,Kokopo,PG,-4.352,152.2633,76.17,88,63,4.43,broken clouds
387,Toora-Khem,RU,52.4675,96.11,48.58,65,98,2.13,overcast clouds
388,Agua Branca,BR,-5.8922,-42.6361,93.06,35,8,0.81,clear sky
389,Imatra,FI,61.1719,28.7524,59.38,54,46,4.97,scattered clouds
390,Tianpeng,CN,30.9866,103.9393,66.63,78,100,2.28,light rain
391,Tiznit,MA,29.5833,-9.5,67.93,55,92,6.64,overcast clouds
392,Evensk,RU,61.95,159.2333,43.93,71,5,3.78,clear sky
393,Saryg-Sep,RU,51.5,95.6,49.75,61,43,3.78,scattered clouds
394,Sorong,ID,-0.8833,131.25,78.35,89,75,5.44,broken clouds
395,Verkhnyaya Inta,RU,65.9811,60.3094,34.41,85,100,16.22,overcast clouds
396,Boende,CD,-0.2167,20.8667,72.3,94,100,3.33,overcast clouds
397,Ust-Kulom,RU,61.6864,53.6902,48.27,73,100,8.61,overcast clouds
398,Taltal,CL,-25.4,-70.4833,66.36,69,16,3.53,few clouds
399,Las Juntas,MX,19.4167,-104.7,81.93,42,100,7.29,overcast clouds
400,Moctezuma,MX,29.8,-109.6667,95.43,13,55,7.27,broken clouds
401,Payo,ID,-3.7508,103.6372,72.57,97,23,2.04,few clouds
402,Leningradskiy,RU,69.3833,178.4167,27.14,91,36,9.84,scattered clouds
403,Pangnirtung,CA,66.1451,-65.7125,33.8,93,90,9.22,light rain
404,Corinth,GR,37.9407,22.9573,69.76,68,41,3.4,scattered clouds
405,Roma,US,43.2128,-75.4557,75.06,59,75,12.66,broken clouds
406,Derzhavinsk,KZ,51.1,66.3167,69.13,58,100,9.17,light rain
407,Aubagne,FR,43.2928,5.5707,70.41,62,36,7.05,scattered clouds
408,Praya,CV,14.9215,-23.5087,75.74,73,20,19.57,few clouds
409,Marshalltown,US,42.0494,-92.908,81.28,34,20,9.22,few clouds
410,Provideniya,RU,64.3833,-173.3,35.71,64,20,2.24,few clouds
411,Kidal,ML,18.4411,1.4078,100.6,7,1,5.55,clear sky
412,Xinzhou,CN,38.4092,112.7333,59.88,23,100,7.74,overcast clouds
413,Meulaboh,ID,4.1363,96.1285,78.31,88,100,3.02,overcast clouds
414,Malanje,AO,-9.5402,16.341,65.43,37,95,2.01,overcast clouds
415,Makat,KZ,47.6469,53.3463,85.87,31,30,7.07,scattered clouds
416,Ozark,US,37.0209,-93.206,66.74,89,100,1.01,overcast clouds
417,Isla Vista,US,34.4133,-119.861,102.34,67,75,6.91,mist
418,Saint Anthony,US,45.0205,-93.218,82.85,40,20,5.99,few clouds
419,Veraval,IN,20.9,70.3667,83.21,78,0,10.13,clear sky
420,Nemuro,JP,43.3236,145.575,48.27,100,100,6.02,overcast clouds
421,Shimoda,JP,34.6667,138.95,66.16,88,6,6.85,clear sky
422,Poum,NC,-20.2333,164.0167,72.18,63,84,10.69,broken clouds
423,Manaure,CO,11.7751,-72.4445,87.37,59,100,12.21,overcast clouds
424,Pandan,PH,14.0453,124.1694,79.52,83,100,10.13,overcast clouds
425,Emet,TR,39.343,29.2585,47.12,88,4,3.4,clear sky
426,Pyapon,MM,16.2833,95.6833,82.98,78,19,6.42,few clouds
427,Itarema,BR,-2.9248,-39.9167,82.58,74,11,13.78,few clouds
428,Jaisalmer,IN,26.9147,70.9181,91.69,41,100,19.19,overcast clouds
429,Ketchikan,US,55.3422,-131.6461,54.07,94,90,6.91,overcast clouds
430,Naryan-Mar,RU,67.6713,53.087,36.19,76,13,16.98,few clouds
431,Sao Joao Da Barra,BR,-21.6403,-41.0511,80.69,77,1,9.73,clear sky
432,Mount Isa,AU,-20.7333,139.5,62.37,94,75,12.66,broken clouds
433,Kununurra,AU,-15.7667,128.7333,69.78,88,100,0.0,overcast clouds
434,Qaqortoq,GL,60.7167,-46.0333,50.5,70,100,19.53,overcast clouds
435,Rio Gallegos,AR,-51.6226,-69.2181,24.85,86,0,4.61,clear sky
436,Guiratinga,BR,-16.3494,-53.7583,87.04,37,43,4.63,scattered clouds
437,Wanaka,NZ,-44.7,169.15,39.4,87,15,3.44,few clouds
438,Sakakah,SA,29.9697,40.2064,90.97,14,0,10.96,clear sky
439,Constancia,MX,24.2231,-107.1869,96.03,32,77,11.23,broken clouds
440,Padang,ID,-0.9492,100.3543,78.19,87,87,4.5,light rain
441,Gornopravdinsk,RU,60.05,69.9,40.21,63,5,2.08,clear sky
442,Ballina,AU,-28.8667,153.5667,55.78,95,99,2.3,overcast clouds
443,Noumea,NC,-22.2763,166.4572,66.99,99,39,6.42,scattered clouds
444,North Platte,US,41.1239,-100.7654,78.03,42,75,1.01,broken clouds
445,Kuchinarai,TH,16.541,104.05,80.74,76,100,3.74,overcast clouds
446,Vostok,RU,46.4856,135.8833,48.2,89,100,5.14,moderate rain
447,Vao,NC,-22.6667,167.4833,69.44,66,54,6.62,broken clouds
448,Darhan,MN,49.4867,105.9228,47.1,89,34,5.84,scattered clouds
449,Wanning,CN,18.8003,110.3967,81.86,94,100,8.75,overcast clouds
450,Doka,SD,13.5167,35.7667,82.74,50,72,18.61,broken clouds
451,Yasothon,TH,15.75,104.1333,84.38,63,100,6.42,overcast clouds
452,Artesia,US,33.8658,-118.0831,94.08,67,1,3.0,haze
453,Tamandare,BR,-8.7597,-35.1047,80.11,69,7,8.93,clear sky
454,Adrar,MR,20.5022,-10.0711,96.98,20,100,15.97,overcast clouds
455,College,US,64.8569,-147.8028,62.1,66,75,0.0,light rain
456,Haapiti,PF,-17.5667,-149.8667,82.13,66,82,9.08,broken clouds
457,Bambanglipuro,ID,-7.95,110.2833,60.6,89,17,4.23,few clouds
458,Merauke,ID,-8.4667,140.3333,76.17,89,94,10.0,overcast clouds
459,Katangli,RU,51.7102,143.2326,43.45,98,20,6.71,few clouds
460,May Pen,JM,17.9645,-77.2451,87.01,51,34,12.75,scattered clouds
461,Pangoa,PE,-12.1167,-73.0,81.34,65,65,3.91,broken clouds
462,Nhulunbuy,AU,-12.2333,136.7667,70.41,88,18,5.75,few clouds
463,Ayan,RU,56.45,138.1667,36.97,94,83,2.68,broken clouds
464,Folldal,NO,62.1325,9.9968,61.72,47,33,7.4,scattered clouds
465,Waipawa,NZ,-41.4122,175.5153,45.93,87,0,4.16,clear sky
466,Ivanovka,KG,42.8878,75.085,72.03,41,5,7.11,clear sky
467,Korla,CN,41.7597,86.1469,80.08,21,3,7.38,clear sky
468,Yantal,RU,56.8471,105.2542,55.74,50,40,1.1,scattered clouds
469,Jimeta,NG,9.2833,12.4667,86.43,50,10,4.99,clear sky
470,Jumla,NP,29.2747,82.1838,54.68,84,27,3.31,scattered clouds
471,Calabozo,VE,8.9242,-67.4293,85.46,60,100,1.59,overcast clouds
472,Crotone,IT,39.0851,17.1178,59.94,76,100,7.65,overcast clouds
473,Mwinilunga,ZM,-11.7358,24.4293,60.42,50,57,1.97,broken clouds
474,Lompoc,US,34.6391,-120.4579,89.69,69,1,13.8,clear sky
475,Da Lat,VN,11.9465,108.4419,60.96,87,100,1.52,overcast clouds
476,Emboscada,PY,-25.15,-57.35,85.8,58,75,5.12,broken clouds
477,Fuxin,CN,42.0156,121.6589,55.85,56,0,4.83,clear sky
478,Anloga,GH,5.7947,0.8973,84.42,78,99,11.59,overcast clouds
479,Montepuez,MZ,-13.1256,38.9997,70.32,75,100,5.86,overcast clouds
480,Belyy Yar,RU,53.6039,91.3903,55.29,76,0,3.89,clear sky
481,Kahului,US,20.8947,-156.47,84.94,57,20,16.11,few clouds
482,Renigunta,IN,13.65,79.5167,82.31,78,100,8.14,overcast clouds
483,Copiapo,CL,-27.3667,-70.3333,58.69,26,0,6.02,clear sky
484,Sechura,PE,-5.5569,-80.8222,76.84,61,80,13.6,broken clouds
485,Marsh Harbour,BS,26.5412,-77.0636,78.12,82,99,19.84,overcast clouds
486,Tuy Hoa,VN,13.0833,109.3,80.31,74,100,4.74,overcast clouds
487,Jacareacanga,BR,-6.2222,-57.7528,91.71,52,20,3.44,few clouds
488,Nabisar,PK,25.0685,69.6419,84.09,76,0,19.15,clear sky
489,Solana,PH,17.7,121.6667,79.27,80,98,6.08,overcast clouds
490,Lewistown,US,40.5992,-77.5714,75.97,73,75,8.05,broken clouds
491,Partizansk,RU,43.1258,133.1339,52.07,99,100,2.71,light rain
492,Suleja,NG,9.1758,7.1808,85.19,74,100,2.3,light rain
493,Geelong,AU,-38.1471,144.3607,54.46,86,90,4.0,overcast clouds
494,Beringovskiy,RU,63.05,179.3167,31.89,79,24,7.83,few clouds
495,Bom Jesus,BR,-9.0744,-44.3586,97.88,22,23,4.68,few clouds
496,Bonthe,SL,7.5264,-12.505,81.77,76,88,7.56,overcast clouds
497,Saint-Francois,FR,46.4154,3.9054,67.48,82,77,4.61,broken clouds
498,Mitsamiouli,KM,-11.3847,43.2844,78.21,70,85,4.36,overcast clouds
499,Koulamoutou,GA,-1.1303,12.4736,72.59,97,20,0.67,moderate rain
500,Iqaluit,CA,63.7506,-68.5145,33.53,93,90,13.0,overcast clouds
501,Hambantota,LK,6.1241,81.1185,79.9,84,100,15.9,overcast clouds
502,Ambilobe,MG,-13.2,49.05,74.23,69,91,3.8,overcast clouds
503,Beyneu,KZ,45.3167,55.2,89.91,25,0,11.81,clear sky
504,Zerbst,DE,51.9667,12.0833,66.88,62,11,11.1,few clouds
505,Pangody,RU,65.85,74.4859,35.33,66,51,7.31,broken clouds
506,Kifri,IQ,34.6959,44.9661,89.24,16,0,15.79,clear sky
507,Santo Domingo,DO,18.5001,-69.9886,78.48,91,75,5.01,broken clouds
508,Dunedin,NZ,-45.8742,170.5036,48.79,86,5,6.49,clear sky
509,Port Hardy,CA,50.6996,-127.4199,59.18,94,75,4.61,broken clouds
510,Mondlo,ZA,-27.983,30.7177,47.8,60,100,2.51,overcast clouds
511,Jiaohe,CN,43.7286,127.3447,54.0,95,100,7.85,moderate rain
512,Yenagoa,NG,4.9247,6.2642,77.61,88,95,6.08,overcast clouds
513,Kurilsk,RU,45.2333,147.8833,43.43,74,29,3.27,scattered clouds
514,Neiafu,TO,-18.65,-173.9833,74.08,100,75,6.91,light rain
515,Rawson,AR,-43.3002,-65.1023,49.96,52,100,12.39,overcast clouds
516,Tonneins,FR,44.3921,0.3124,73.62,80,33,7.63,scattered clouds
517,Prince Rupert,CA,54.3161,-130.3201,59.09,94,90,10.36,moderate rain
518,Astoria,US,46.1879,-123.8313,84.63,69,1,5.75,clear sky
519,Tunceli,TR,39.1083,39.5471,63.46,67,39,5.77,scattered clouds
520,Wamba,NG,8.9333,8.6,80.1,68,33,4.34,light rain
521,Bahia De Caraquez,EC,-0.6,-80.4167,80.78,78,90,8.37,overcast clouds
522,Sayyan,YE,15.1718,44.3244,67.6,21,100,12.77,overcast clouds
523,Kastamonu,TR,41.5,33.6667,45.91,90,100,6.55,overcast clouds
524,Senno,RU,59.5336,33.9167,51.26,63,8,6.2,clear sky
525,Los Llanos De Aridane,ES,28.6585,-17.9182,65.95,85,20,9.31,few clouds
526,Sedalia,US,38.7045,-93.2283,73.09,66,90,8.05,overcast clouds
527,Mongo,TD,12.1844,18.693,92.7,29,8,4.65,clear sky
528,Mildura,AU,-34.2,142.15,53.56,100,90,0.0,overcast clouds
529,Pedernales,DO,18.0384,-71.744,85.73,61,78,1.74,broken clouds
530,Quesnel,CA,52.9999,-122.5029,75.7,41,1,4.61,clear sky
531,Gambela,ET,8.25,34.5833,71.24,96,100,4.16,moderate rain
532,Kuminskiy,RU,58.6667,66.5667,44.26,62,33,3.69,scattered clouds
533,Floriano,BR,-6.7669,-43.0225,99.0,25,12,3.22,few clouds
534,Kralendijk,BQ,12.15,-68.2667,85.98,62,75,14.97,broken clouds
535,Changping,CN,40.2186,116.2197,66.51,31,100,17.0,overcast clouds
536,Cantaura,VE,9.3057,-64.3584,88.48,43,97,4.85,overcast clouds
537,Kyshtovka,RU,56.555,76.6271,51.17,67,99,2.73,overcast clouds
538,Can,TR,40.0333,27.0524,59.29,79,11,1.74,few clouds
539,Turka,UA,49.1541,23.0297,51.26,92,99,3.09,overcast clouds
540,Lakatoro,VU,-16.0999,167.4164,73.31,81,52,11.07,broken clouds
541,Dongtai,CN,32.8523,120.3095,66.97,96,100,2.44,overcast clouds
542,Moerai,PF,-22.4333,-151.3333,77.41,75,86,14.88,overcast clouds
543,Freeport,US,40.6576,-73.5832,77.58,66,1,3.0,clear sky
544,Salice Salentino,IT,40.387,17.9607,69.46,58,12,0.38,few clouds
545,Teguise,ES,29.0605,-13.564,68.22,60,20,15.75,few clouds
546,Srednekolymsk,RU,67.45,153.6833,61.43,33,49,3.98,scattered clouds
547,Constitucion,CL,-35.3333,-72.4167,63.21,68,24,11.88,few clouds
548,Kattivakkam,IN,13.2167,80.3167,86.07,91,9,10.2,clear sky
549,Mursalimkino,RU,55.0379,58.5585,55.92,99,100,1.61,moderate rain
550,Solnechnyy,RU,50.7214,136.6319,47.28,93,73,4.14,broken clouds
551,Bata,GQ,1.8639,9.7658,76.86,100,40,0.0,scattered clouds
552,Salamanca,ES,40.8333,-6.0,67.78,47,0,7.36,clear sky
553,Juneau,US,58.3019,-134.4197,53.65,96,90,3.0,moderate rain
554,Margate,GB,51.3813,1.3862,72.18,65,19,1.01,few clouds
555,Pancas,BR,-19.225,-40.8514,82.0,53,70,3.06,broken clouds
556,Greystones,IE,53.1408,-6.0631,65.26,87,100,2.42,overcast clouds
557,Pak Phanang,TH,8.3511,100.202,81.34,83,26,6.31,scattered clouds
558,Xian,CN,34.2583,108.9286,65.21,46,100,8.19,overcast clouds
559,Muhos,FI,64.808,25.9931,59.9,63,94,2.59,overcast clouds
560,Warwick,US,41.7001,-71.4162,84.4,61,75,12.66,broken clouds
561,Nikel,RU,69.4128,30.222,64.58,50,8,3.04,clear sky
562,Shiyan,CN,32.6475,110.7781,67.33,82,100,7.61,light rain
563,Hamina,FI,60.5697,27.1979,63.68,71,42,2.42,scattered clouds
564,Tukrah,LY,32.5341,20.5791,72.05,51,66,13.98,broken clouds
565,Xifeng,CN,42.7372,124.7222,52.57,95,100,7.83,overcast clouds
566,Roros,NO,62.5747,11.3842,69.64,28,0,8.05,clear sky
567,Mayo,US,38.8876,-76.5119,84.25,67,1,4.0,clear sky
568,Sao Jose Da Coroa Grande,BR,-8.8978,-35.1478,79.83,70,4,9.48,clear sky
569,Nuuk,GL,64.1835,-51.7216,41.61,81,75,13.8,broken clouds
570,Putina,PE,-15.4667,-69.4333,47.88,34,14,5.14,few clouds
571,Harihar,IN,14.5167,75.8,78.6,77,100,8.72,overcast clouds
572,Roxana,CR,10.2753,-83.7513,95.04,78,67,4.41,broken clouds
573,Atar,MR,20.5169,-13.0499,92.35,30,100,18.34,overcast clouds
574,Bryan,US,30.6744,-96.37,84.47,65,40,3.44,scattered clouds
575,Kemin,KG,42.7846,75.6892,64.18,52,1,7.92,clear sky
576,Camacha,PT,33.0833,-16.3333,62.02,63,40,13.8,scattered clouds
577,Shingu,JP,33.7333,135.9833,62.91,91,43,7.07,scattered clouds
578,Bismarck,US,46.8083,-100.7837,85.84,28,1,9.22,clear sky
579,Naze,JP,28.3667,129.4833,73.26,88,97,13.31,overcast clouds
580,Volosovo,RU,59.4333,29.4833,59.56,73,10,5.46,light rain
581,San Ramon,US,37.7799,-121.978,83.1,51,1,4.0,clear sky
582,Novaya Ladoga,RU,60.1025,32.3019,54.0,69,56,7.05,broken clouds
583,Marrakesh,MA,31.6315,-8.0083,86.07,28,40,6.91,scattered clouds
584,Store Heddinge,DK,55.3097,12.3889,62.67,84,3,22.24,clear sky
585,Marystown,CA,47.1666,-55.1483,55.76,71,15,15.48,few clouds
586,Linhares,BR,-19.3911,-40.0722,79.21,64,70,5.66,broken clouds
587,Dudinka,RU,69.4058,86.1778,32.04,99,100,4.09,snow
588,Leh,IN,34.1667,77.5833,50.13,45,100,4.5,overcast clouds
589,Tsilna,RU,54.5953,48.1414,56.75,73,100,12.97,overcast clouds
590,Ternate,ID,0.8,127.4,80.8,79,41,1.59,scattered clouds
591,Cairns,AU,-16.9167,145.7667,66.15,93,40,10.36,scattered clouds
592,Bayburt,TR,40.2589,40.2278,47.16,83,100,16.62,moderate rain
593,Mount Gambier,AU,-37.8333,140.7667,44.51,100,90,5.75,overcast clouds
594,Dong Hoi,VN,17.4833,106.6,84.78,68,100,4.65,overcast clouds
595,Arman,RU,59.7,150.1667,39.97,91,51,0.38,broken clouds
596,Vero Beach,US,27.6386,-80.3973,86.0,86,25,13.65,scattered clouds
597,Rabaul,PG,-4.1967,152.1721,78.53,83,79,5.46,broken clouds
598,Huarmey,PE,-10.0681,-78.1522,70.7,72,93,9.22,overcast clouds
599,Dzhebariki-Khaya,RU,62.2167,135.8,48.7,92,35,3.11,light rain
600,Joigny,FR,47.9829,3.401,69.31,91,64,6.62,light rain
601,Rocha,UY,-34.4833,-54.3333,56.32,66,11,13.65,few clouds
602,Teya,RU,60.3778,92.6267,54.7,97,98,1.88,overcast clouds
603,Cap Malheureux,MU,-19.9842,57.6142,76.46,68,73,7.0,broken clouds
604,Kroya,ID,-7.6331,109.2461,76.19,90,13,1.5,few clouds
605,Kasongo,CD,-4.45,26.6667,72.61,61,95,0.38,overcast clouds
606,Alugan,PH,12.2188,125.4808,77.56,83,100,5.41,overcast clouds
607,Mindelo,CV,16.8901,-24.9804,76.55,65,40,16.96,scattered clouds
608,Two Hills,CA,53.7169,-111.7518,82.63,34,46,6.6,scattered clouds
609,Novyy Urengoy,RU,66.0833,76.6333,36.82,62,75,8.03,broken clouds
610,Akdagmadeni,TR,39.6603,35.8836,46.13,72,5,3.65,clear sky
611,Nyurba,RU,63.2842,118.3319,56.01,81,82,5.77,broken clouds
612,Klooga,EE,59.3197,24.2114,59.29,66,58,5.68,broken clouds
613,Vilyuysk,RU,63.7553,121.6247,55.09,77,100,5.26,overcast clouds
614,Cocobeach,GA,1.0002,9.5823,82.33,85,100,1.88,light rain
615,Owando,CG,-0.4819,15.8999,74.26,89,100,2.73,light rain
616,Selma,US,36.5708,-119.6121,101.03,33,100,6.53,overcast clouds
617,Simi,SL,9.5667,-12.35,81.93,76,82,4.23,light rain
618,Tabou,CI,4.423,-7.3528,79.95,83,30,7.16,scattered clouds
619,Manaus,BR,-3.1019,-60.025,88.29,70,75,1.14,broken clouds
620,Cabedelo,BR,-6.9811,-34.8339,83.07,74,0,13.91,clear sky
621,Lahaina,US,20.8783,-156.6825,84.92,48,20,16.11,few clouds
622,Richmond,US,37.5538,-77.4603,84.2,54,75,1.01,broken clouds
623,Mawlaik,MM,23.6333,94.4167,78.37,85,54,1.28,broken clouds
624,Sabla,NG,12.7525,4.7077,97.65,22,0,8.9,clear sky
625,Maine-Soroa,NE,13.2114,12.0241,92.35,26,97,1.63,overcast clouds
626,Arzakan,AM,40.45,44.6065,62.38,43,0,1.14,clear sky
627,Lorengau,PG,-2.0226,147.2712,77.4,92,100,2.35,overcast clouds
628,Bani Walid,LY,31.7566,13.9942,75.9,50,100,13.4,overcast clouds
629,Nantucket,US,41.2835,-70.0995,74.97,72,1,12.66,clear sky
630,Hvide Sande,DK,56.0045,8.1294,61.38,81,66,12.46,broken clouds
631,Carutapera,BR,-1.195,-46.02,82.0,81,16,8.14,few clouds
632,Pala,TD,9.3642,14.9046,85.1,45,7,7.07,clear sky
633,Kissidougou,GN,9.1848,-10.0999,78.94,73,86,4.38,overcast clouds
634,Whyalla,AU,-33.0333,137.5833,51.69,93,75,5.75,broken clouds
635,Pundaguitan,PH,6.3711,126.1689,83.08,77,52,8.57,broken clouds
636,Karratha,AU,-20.7377,116.8463,70.36,35,100,16.6,overcast clouds
637,Willowmore,ZA,-33.2926,23.4895,52.72,59,100,4.9,overcast clouds
638,Abu Dhabi,AE,24.4667,54.3667,87.91,89,0,8.25,clear sky
639,Belem De Sao Francisco,BR,-8.7539,-38.9658,90.03,35,12,15.37,few clouds
640,Huamachuco,PE,-7.8,-78.0667,61.88,53,100,4.94,overcast clouds
641,Severnyy,RU,50.677,36.5532,62.64,48,0,15.66,light rain
642,Portobelo,PA,9.55,-79.65,84.96,78,100,4.83,overcast clouds
643,Kiunga,PG,-6.1219,141.2906,73.38,99,100,1.81,overcast clouds
644,Charters Towers,AU,-20.1,146.2667,59.97,94,79,5.99,broken clouds
645,Pochutla,MX,15.7432,-96.4661,90.82,46,49,9.98,scattered clouds
646,Wilmington,US,34.2257,-77.9447,83.95,78,75,12.66,broken clouds
647,Bloemfontein,ZA,-29.1211,26.214,47.68,76,7,14.97,clear sky
648,Baymak,RU,52.5933,58.3225,58.53,86,87,7.67,overcast clouds
649,Necochea,AR,-38.5473,-58.7368,52.3,63,99,17.4,overcast clouds
650,Pouembout,NC,-21.1333,164.9,66.63,64,89,2.71,overcast clouds
651,Tisul,RU,55.7611,88.3122,60.8,64,100,4.68,overcast clouds
652,Belmonte,BR,-15.8631,-38.8828,82.4,69,3,9.17,clear sky
653,Lafia,NG,8.4833,8.5167,85.91,56,96,2.04,light rain
654,Sandnessjoen,NO,66.0217,12.6316,73.92,40,0,9.04,clear sky
655,Tabuk,PH,17.4189,121.4443,77.67,84,93,5.84,overcast clouds
656,Neepawa,CA,50.2289,-99.4664,82.8,40,100,12.68,overcast clouds
657,Moose Factory,CA,51.2585,-80.6094,75.2,46,1,5.75,clear sky
658,Prainha,BR,-1.8,-53.48,87.49,57,31,3.62,scattered clouds
659,Les Escoumins,CA,48.1111,-69.0236,68.56,57,76,11.56,broken clouds
660,Harper,LR,4.375,-7.7169,79.9,83,19,7.43,few clouds
661,Boke,GN,10.9409,-14.2967,83.16,69,77,5.61,light rain
662,Cuxhaven,DE,53.8718,8.6909,62.1,86,6,12.01,clear sky
663,Camana,PE,-16.6228,-72.7111,67.26,76,27,5.91,scattered clouds
664,Lastoursville,GA,-0.8143,12.7287,74.03,96,24,1.68,light rain
665,Salme,NP,28.0369,85.0942,62.89,77,0,4.05,clear sky
666,Marsabit,KE,2.3284,37.9899,70.11,45,98,13.15,overcast clouds
667,Townsville,AU,-19.25,146.8,67.08,100,90,0.0,overcast clouds
668,Ahipara,NZ,-35.1667,173.1667,56.55,77,100,5.57,overcast clouds
669,Totness,SR,5.8833,-56.3167,81.18,82,100,5.57,overcast clouds
670,Letka,RU,59.6011,49.4232,44.64,58,10,5.01,clear sky
671,Iranshahr,IR,27.2025,60.6848,102.54,15,0,4.61,clear sky
672,Bundaberg,AU,-24.85,152.35,67.21,94,90,1.99,overcast clouds
673,Feijo,BR,-8.1642,-70.3536,87.4,57,67,2.59,broken clouds
674,Penzance,GB,50.1186,-5.5371,61.81,91,100,13.71,overcast clouds
675,Belaya Gora,RU,68.5333,146.4167,58.24,36,0,9.78,clear sky
676,Tawang,IN,27.5833,91.8667,52.88,95,82,1.5,broken clouds
677,Rehoboth,NA,-23.3167,17.0833,50.68,26,0,7.34,clear sky
678,Bosaso,SO,11.2842,49.1816,88.36,65,100,4.07,overcast clouds
